SoilMoisture,Nitrogen,Phosphorus,Potassium,Temperature,Humidity,Crop,Irrigation
19.5,25.2,22.4,436.8,17.7,52.1,Sunflower,1
23.8,23.9,15.4,308.0,23.7,85.7,Sugarcane,1
20.4,15.3,21.2,108.7,11.2,62.8,Maize,1
19.4,17.5,19.2,152.4,36.9,88.8,Soybean,1
29.2,28.3,18.5,297.0,25.8,47.0,Corn,0
31.6,14.0,29.3,298.7,16.5,22.4,Maize,0
13.1,15.9,17.8,452.4,27.6,22.2,Onion,1
11.1,22.2,24.4,199.1,12.3,39.0,Beans,1
28.2,16.1,16.6,361.2,33.2,74.0,Carrot,0
34.3,22.1,23.0,210.4,24.1,46.0,Cotton,0
33.1,33.6,19.6,400.4,27.9,73.3,Cotton,0
18.5,53.7,15.4,260.1,24.5,27.6,Onion,1
45.0,9.7,16.1,342.4,32.0,34.2,Sunflower,0
45.0,17.9,17.9,350.1,34.3,81.0,Carrot,0
38.7,21.8,18.5,367.3,22.9,49.9,Lettuce,0
21.3,0.0,21.7,260.4,22.7,43.6,Carrot,1
20.2,14.3,9.5,426.4,24.9,37.3,Cabbage,1
24.7,0.8,19.9,306.0,44.7,23.6,Sunflower,0
37.4,5.7,21.7,497.5,40.7,61.5,Cotton,0
5.6,6.8,16.7,286.3,36.2,88.8,Barley,1
30.1,25.4,20.1,180.3,31.3,42.8,Barley,0
29.3,20.1,18.2,364.9,15.2,32.2,Sugarcane,1
29.3,0.0,22.4,392.6,18.3,57.9,Wheat,0
31.8,28.1,13.8,322.7,35.5,57.1,Soybean,0
35.0,21.5,17.0,215.3,31.5,79.9,Maize,0
29.7,13.2,21.2,329.3,19.3,20.4,Wheat,0
43.7,24.7,14.0,365.7,17.2,42.8,Onion,0
32.9,24.2,24.7,213.2,26.2,45.7,Tomato,0
28.2,20.6,24.6,297.0,9.5,65.2,Onion,0
16.5,5.9,19.8,203.7,32.8,21.7,Cabbage,1
7.2,17.6,21.6,350.7,24.0,58.7,Peas,1
28.4,10.5,17.0,288.9,11.0,46.1,Corn,0
26.7,23.9,15.6,315.4,25.5,81.4,Soybean,0
13.6,24.5,28.9,233.3,11.5,37.9,Peas,1
13.2,24.9,19.2,231.3,25.5,50.7,Carrot,1
20.9,11.1,18.3,456.0,26.0,35.1,Peas,1
37.1,18.5,18.1,170.9,18.9,29.3,Cotton,0
29.2,0.0,20.9,233.8,31.8,50.7,Beans,0
42.8,13.2,12.3,265.7,26.5,56.2,Cotton,0
30.8,6.7,29.2,226.9,14.8,73.0,Cotton,0
32.0,26.0,17.6,90.6,21.6,86.4,Onion,0
26.4,18.7,17.7,305.9,43.8,80.0,Sugarcane,1
34.7,35.4,21.7,392.6,29.9,60.1,Cotton,0
35.3,41.3,10.2,284.8,29.7,87.3,Wheat,0
18.3,11.3,17.3,173.3,25.9,43.6,Soybean,1
20.7,35.5,15.1,176.2,18.4,54.7,Tomato,1
34.0,23.1,24.1,363.0,18.4,72.5,Beans,0
19.4,19.8,20.6,427.8,20.3,43.9,Corn,1
32.6,8.9,15.7,379.1,30.1,54.8,Cotton,0
5.0,17.6,24.3,272.9,20.1,86.5,Carrot,1
36.2,41.4,18.3,324.9,27.6,69.4,Cabbage,0
41.8,24.1,17.2,217.8,26.9,25.9,Cabbage,0
19.9,6.4,12.1,307.9,33.5,81.6,Carrot,1
27.4,13.4,26.8,96.3,37.6,83.4,Peas,0
9.1,15.8,27.2,108.5,31.8,77.6,Sunflower,1
32.7,25.2,27.7,289.1,28.2,40.0,Sunflower,0
27.2,20.1,20.5,222.7,25.2,64.1,Wheat,0
30.0,11.0,27.6,336.7,26.7,87.1,Onion,0
23.9,29.8,12.7,378.4,23.7,44.7,Spinach,1
11.4,12.0,13.3,267.7,11.7,22.3,Beans,1
34.5,14.2,15.5,349.2,14.4,85.3,Potato,0
43.3,7.7,20.9,440.0,21.4,53.6,Beans,0
28.0,9.0,21.7,291.4,27.2,52.8,Cabbage,0
27.8,22.2,17.6,463.9,26.8,83.9,Corn,0
34.2,28.1,13.2,236.3,19.7,39.2,Cotton,0
17.2,27.1,14.4,146.6,35.2,27.9,Sugarcane,1
37.8,19.1,24.7,243.1,28.3,53.6,Maize,0
38.4,25.9,26.1,320.3,25.4,62.6,Cabbage,0
13.2,0.0,18.7,371.8,37.0,47.8,Beans,1
25.7,3.0,19.7,338.4,24.7,54.5,Soybean,0
28.8,6.3,22.4,93.7,43.7,48.0,Carrot,0
14.0,9.0,22.4,374.7,22.7,53.2,Spinach,1
11.3,25.0,17.5,404.5,23.1,58.4,Beans,1
24.2,5.7,19.0,305.7,6.7,68.3,Cotton,0
24.6,11.0,20.6,497.3,22.0,20.2,Potato,0
14.4,26.1,23.8,246.9,20.4,45.9,Sugarcane,1
9.8,33.7,28.2,275.1,29.6,55.8,Onion,1
28.1,8.3,11.7,329.4,21.1,32.8,Cabbage,0
14.4,13.5,16.1,264.9,26.7,67.5,Sunflower,1
34.1,17.0,30.9,456.3,29.4,59.0,Corn,0
14.6,18.1,15.6,161.7,32.4,44.9,Tomato,1
44.1,25.0,19.0,279.4,6.8,79.6,Carrot,0
25.5,11.7,21.4,295.0,23.1,87.9,Potato,0
15.9,38.0,19.6,356.6,31.7,57.5,Sugarcane,1
18.4,25.7,16.2,119.5,12.0,28.0,Carrot,1
25.5,26.4,11.7,293.4,15.3,57.3,Onion,0
17.5,0.0,30.0,498.4,30.0,26.2,Wheat,1
14.9,43.9,17.0,278.7,26.3,79.6,Cotton,1
31.8,18.6,23.3,281.1,29.6,72.5,Lettuce,0
30.0,23.9,17.9,329.0,41.6,45.1,Corn,0
42.1,28.2,28.9,260.2,27.0,57.8,Carrot,0
33.1,1.4,25.0,368.7,6.3,24.7,Cabbage,0
16.2,22.9,20.8,356.9,18.0,75.6,Tomato,1
21.0,29.7,20.4,251.3,28.2,41.8,Wheat,1
20.0,23.9,23.3,209.1,38.1,27.2,Cotton,0
24.6,17.3,15.1,255.6,28.0,36.0,Carrot,1
38.3,40.0,23.6,456.8,15.6,49.7,Lettuce,0
18.2,27.6,21.1,386.8,17.5,61.5,Onion,1
42.8,25.9,21.1,344.2,27.0,62.5,Lettuce,0
13.6,10.1,19.4,305.6,33.8,61.4,Onion,1
23.4,15.7,14.9,134.5,31.6,44.2,Cabbage,1
25.7,28.4,19.8,255.7,25.7,83.9,Beans,0
35.4,13.0,15.5,227.9,25.6,88.3,Sunflower,0
10.2,17.3,14.5,557.3,25.5,24.7,Potato,1
24.7,14.6,16.4,310.6,23.0,56.7,Peas,1
40.0,32.5,9.6,265.7,22.0,80.3,Peas,0
16.7,29.2,20.3,395.2,34.8,37.8,Sunflower,1
5.0,21.0,19.3,350.0,16.6,36.7,Tomato,1
37.5,24.2,18.6,194.2,20.2,64.3,Maize,0
22.4,23.3,13.7,392.4,23.5,77.2,Wheat,0
18.0,5.9,12.2,360.6,14.8,58.6,Barley,1
42.5,16.3,22.4,316.6,17.2,89.0,Maize,0
45.0,0.0,24.3,405.7,14.1,65.2,Peas,0
20.3,20.2,21.7,246.0,18.8,21.3,Onion,1
38.5,21.3,16.2,299.7,24.4,70.4,Beans,0
5.0,15.8,16.8,391.1,17.7,37.6,Soybean,1
15.0,25.1,19.2,380.7,28.1,23.3,Carrot,1
5.0,17.7,26.0,323.0,28.5,62.7,Barley,1
30.2,18.8,19.8,188.1,27.4,31.3,Maize,0
7.8,23.7,14.8,88.1,22.2,44.6,Barley,1
44.8,19.5,12.2,260.0,29.0,68.6,Wheat,0
30.3,2.4,25.7,168.1,23.2,57.9,Rice,0
37.8,26.9,24.2,436.8,35.8,23.6,Tomato,0
35.3,21.0,17.3,104.8,22.8,28.4,Cabbage,0
29.5,17.9,25.6,292.0,21.3,78.0,Sunflower,0
33.9,7.3,27.1,214.4,46.9,81.9,Peas,0
37.6,11.1,19.1,256.0,36.6,42.3,Barley,0
27.0,0.0,23.6,278.2,33.0,52.3,Beans,0
32.1,20.5,26.1,231.7,20.9,63.9,Maize,0
5.0,3.2,11.2,212.7,31.3,27.7,Lettuce,1
32.9,15.5,23.3,461.4,28.7,23.2,Onion,0
22.5,35.5,15.0,398.4,23.3,86.1,Cabbage,1
24.0,20.5,25.7,266.8,29.9,28.4,Barley,0
20.0,14.8,17.0,355.5,20.0,44.5,Barley,1
12.5,25.7,32.5,347.0,11.4,56.1,Cotton,1
26.8,11.7,22.4,244.8,30.1,35.7,Beans,0
23.7,31.3,12.5,228.4,20.2,79.7,Cabbage,1
24.7,25.4,25.4,214.9,25.8,48.6,Soybean,0
25.5,13.7,24.5,303.6,39.9,58.1,Cabbage,0
33.2,25.8,18.2,359.1,33.9,79.5,Carrot,0
33.2,25.1,25.3,416.9,36.1,31.1,Spinach,0
31.5,19.6,22.8,245.8,30.1,83.6,Barley,0
29.2,24.0,18.9,300.3,31.5,88.7,Beans,0
10.1,17.2,15.6,260.9,19.6,21.3,Peas,1
24.0,22.8,23.0,318.7,21.4,41.1,Potato,0
26.9,27.5,24.9,230.5,24.7,25.2,Peas,0
28.7,14.7,19.3,96.5,30.9,51.2,Beans,0
35.8,26.8,19.8,429.9,25.9,40.9,Onion,0
17.8,27.3,22.2,324.3,22.3,41.8,Maize,1
40.5,12.9,16.7,307.4,23.2,45.8,Rice,0
45.0,3.4,17.9,251.8,38.0,21.3,Cabbage,0
5.0,32.5,22.5,196.9,24.6,28.8,Lettuce,1
28.7,4.2,17.1,253.6,14.4,61.3,Lettuce,0
36.5,15.5,10.6,254.8,5.6,62.0,Tomato,0
32.9,24.3,15.2,295.2,25.0,63.3,Barley,0
13.4,17.8,20.1,320.8,8.7,26.2,Wheat,1
11.1,8.9,24.6,355.3,25.8,86.6,Carrot,1
22.3,22.1,24.4,447.6,37.2,40.9,Corn,0
28.9,26.8,17.1,408.9,25.9,77.2,Lettuce,0
34.5,36.9,17.7,473.2,33.6,53.5,Corn,0
14.7,14.7,23.1,412.9,48.7,70.3,Onion,1
24.0,8.7,22.8,249.8,26.7,22.1,Cotton,0
21.6,23.5,19.5,350.3,28.1,71.5,Wheat,1
35.3,22.2,25.2,468.4,21.3,54.1,Beans,0
38.2,24.4,15.6,163.7,19.6,78.5,Maize,0
5.0,24.0,16.6,332.4,22.7,54.5,Wheat,1
40.4,38.0,16.6,327.6,14.4,47.9,Cabbage,0
35.7,7.1,25.8,253.2,27.8,87.9,Corn,0
29.3,17.0,10.4,234.2,40.6,30.2,Cabbage,0
19.1,26.5,13.0,216.2,29.2,31.7,Cotton,0
33.5,32.2,26.1,291.0,27.9,80.8,Barley,0
38.0,14.8,20.2,176.3,30.0,32.6,Lettuce,0
26.9,11.1,15.6,461.6,40.8,21.2,Cotton,0
22.9,20.7,22.0,314.8,11.6,44.0,Beans,1
36.1,9.6,23.1,194.7,20.0,80.8,Rice,0
44.1,28.7,22.5,315.0,27.9,54.8,Cabbage,0
26.8,21.7,18.0,327.9,29.9,77.9,Peas,0
26.4,12.3,21.5,400.5,23.0,74.8,Spinach,0
19.0,16.7,26.1,369.4,24.1,83.1,Carrot,1
32.7,17.0,26.9,285.0,26.0,58.1,Carrot,0
38.4,35.9,9.9,407.1,42.7,58.2,Cabbage,0
36.1,36.4,25.0,231.2,43.0,46.6,Corn,0
5.0,42.9,13.1,135.5,33.2,62.6,Tomato,1
45.0,36.2,21.6,317.9,39.6,77.6,Spinach,0
22.5,23.9,19.1,355.3,24.7,38.0,Barley,0
15.5,29.7,16.9,108.8,28.2,62.7,Onion,1
28.2,19.3,20.5,431.4,20.7,40.7,Beans,0
30.1,4.1,22.2,298.0,29.4,76.4,Peas,0
29.8,0.0,21.2,525.0,35.6,65.3,Wheat,0
29.2,17.2,23.8,374.7,19.4,39.2,Soybean,0
43.2,11.7,21.2,221.8,42.8,31.8,Sugarcane,0
12.6,19.2,25.5,168.8,26.2,41.9,Corn,1
34.6,42.1,17.2,163.0,24.3,89.1,Corn,0
45.0,36.7,24.6,113.2,9.2,70.7,Corn,0
28.0,14.7,11.9,356.3,16.2,44.8,Barley,0
17.9,32.4,18.9,247.9,26.6,64.8,Sugarcane,1
28.3,28.3,10.0,337.4,34.8,89.6,Tomato,0
12.9,0.5,16.9,217.5,26.3,87.3,Maize,1
26.7,5.9,19.4,209.6,19.1,66.5,Cabbage,0
37.4,9.1,18.4,421.3,26.1,56.5,Corn,0
33.1,13.1,21.5,400.2,15.1,24.4,Rice,0
25.2,9.3,15.6,229.6,23.1,85.6,Sugarcane,1
38.1,20.4,21.0,290.4,27.9,59.7,Potato,0
39.0,0.0,20.1,519.2,30.4,67.2,Soybean,0
27.7,23.2,16.7,399.2,23.6,32.1,Soybean,0
17.4,27.1,20.6,227.8,46.0,42.0,Maize,1
19.8,29.3,16.0,335.2,32.6,36.3,Onion,1
5.0,25.1,20.3,119.8,19.8,55.4,Carrot,1
32.3,15.4,11.7,425.6,34.2,33.4,Beans,0
5.0,36.4,19.5,150.4,32.1,50.1,Maize,1
18.9,17.0,18.1,317.0,26.3,77.0,Potato,0
25.0,14.1,17.5,395.1,28.4,70.7,Sunflower,0
23.7,29.9,17.5,182.9,34.7,71.4,Cotton,0
21.8,19.7,19.1,260.8,24.9,38.2,Cotton,0
15.1,25.8,12.3,403.3,28.3,33.9,Soybean,1
35.8,19.8,22.9,312.0,17.2,51.8,Cotton,0
21.1,25.5,25.5,353.3,33.1,47.5,Sugarcane,1
28.2,13.3,25.2,239.4,39.6,37.8,Soybean,0
24.1,21.5,22.9,350.9,5.5,51.5,Soybean,0
24.0,13.6,20.8,180.9,25.5,71.6,Peas,1
19.0,19.2,25.5,357.5,5.5,52.3,Wheat,1
26.9,32.0,16.7,195.3,29.3,32.2,Sugarcane,1
37.6,21.9,19.4,228.3,25.2,82.9,Cotton,0
16.5,26.1,26.6,174.7,21.0,28.5,Tomato,1
31.4,32.2,17.1,303.9,36.6,72.4,Sugarcane,0
43.0,16.4,15.8,195.5,9.3,50.8,Maize,0
22.8,17.2,21.5,381.6,31.9,80.3,Beans,1
19.2,23.0,11.7,175.9,29.8,88.5,Peas,1
33.9,27.3,14.8,350.3,27.6,85.6,Onion,0
25.3,19.1,19.6,381.3,29.6,34.9,Carrot,0
28.1,37.0,21.2,560.2,29.5,68.2,Lettuce,0
7.4,30.0,21.0,180.7,23.1,59.1,Sunflower,1
33.3,10.7,26.4,257.7,27.1,71.3,Tomato,0
11.0,35.4,24.7,368.7,7.3,56.7,Sunflower,1
17.2,26.5,19.4,342.0,17.9,41.4,Soybean,1
20.6,17.1,15.3,421.1,30.0,35.2,Cotton,0
21.1,15.9,12.8,133.9,25.2,70.6,Cotton,0
35.8,35.4,30.0,506.2,34.7,67.4,Cotton,0
21.9,20.7,25.5,157.9,28.6,72.2,Beans,1
16.8,25.5,17.5,69.6,28.0,28.6,Rice,1
16.6,18.6,22.4,163.5,26.5,49.5,Peas,1
30.8,6.7,19.9,385.0,32.0,86.5,Sugarcane,0
20.1,8.8,20.7,123.2,27.6,38.2,Cotton,0
23.5,14.2,13.5,160.0,2.6,50.5,Onion,1
34.1,34.3,20.5,314.6,21.3,47.9,Cotton,0
21.5,10.5,15.2,193.1,9.5,79.1,Sugarcane,1
24.8,12.5,7.9,388.4,30.9,21.5,Rice,1
22.2,20.7,22.6,143.7,20.8,71.2,Barley,0
29.5,13.0,17.2,193.6,27.5,87.7,Beans,0
23.7,11.8,19.2,347.0,40.3,88.6,Potato,0
35.1,0.0,21.2,442.9,14.3,79.3,Maize,0
30.5,24.4,24.5,63.7,16.9,65.6,Soybean,0
25.2,12.7,19.1,437.5,19.8,31.5,Lettuce,0
17.0,21.2,28.1,332.3,23.0,81.6,Sugarcane,1
22.1,4.4,24.4,292.2,23.6,27.4,Onion,1
45.0,18.7,15.6,247.3,20.9,26.6,Beans,0
43.7,30.8,17.8,428.1,25.5,31.1,Potato,0
33.5,13.6,25.1,266.5,21.8,32.9,Rice,0
32.8,25.7,25.0,237.2,27.7,42.4,Cotton,0
19.6,22.7,19.8,414.9,36.5,31.6,Wheat,1
28.9,12.3,17.5,355.9,27.3,43.6,Rice,1
24.3,21.7,26.6,199.3,34.1,53.0,Potato,0
11.7,30.8,23.7,243.3,25.6,37.1,Cabbage,1
35.4,14.3,17.9,233.7,8.8,72.4,Wheat,0
40.8,25.1,22.1,338.2,21.1,42.0,Spinach,0
28.0,22.8,18.7,358.7,21.2,39.5,Cabbage,0
26.3,39.4,15.0,232.2,29.1,81.0,Corn,0
26.8,22.8,23.7,262.1,15.9,46.6,Sunflower,0
26.4,31.0,21.3,293.7,23.5,22.9,Onion,0
15.6,17.8,22.1,256.5,31.0,83.8,Onion,1
33.4,25.0,20.2,315.4,41.3,57.3,Soybean,0
34.4,5.3,18.7,130.0,29.2,77.7,Cabbage,0
32.5,11.1,16.7,314.9,15.4,89.2,Corn,0
12.3,27.3,16.8,308.3,21.3,89.7,Spinach,1
43.6,28.6,16.0,228.5,38.8,56.8,Beans,0
24.2,29.8,22.5,319.0,33.0,56.2,Potato,0
13.8,18.9,15.1,253.1,36.5,64.8,Cabbage,1
22.3,16.4,17.5,210.4,17.6,53.1,Sunflower,0
45.0,21.1,19.5,281.6,21.5,23.2,Potato,0
5.0,18.1,12.0,158.5,4.3,63.6,Tomato,1
10.0,27.6,20.4,154.2,22.5,76.2,Onion,1
17.5,15.1,13.3,241.9,31.8,77.3,Peas,1
20.6,20.7,18.5,311.3,31.1,31.6,Sunflower,1
24.1,2.0,12.1,326.7,29.1,62.6,Tomato,1
35.5,10.2,24.1,353.5,31.5,76.0,Spinach,0
12.9,11.1,18.5,452.1,21.1,25.0,Sugarcane,1
19.7,35.1,26.7,432.7,26.9,55.2,Cabbage,1
34.1,29.5,21.4,238.8,27.9,83.2,Potato,0
30.6,29.2,7.7,455.8,23.5,83.7,Rice,0
17.3,18.3,12.6,404.8,22.3,48.3,Peas,1
15.6,9.1,18.7,443.3,29.2,80.0,Carrot,1
29.9,16.4,21.2,272.8,24.4,47.5,Cabbage,0
12.3,20.4,18.0,312.9,26.8,46.5,Sunflower,1
5.0,14.4,19.0,131.7,18.6,67.4,Corn,1
37.2,21.1,27.6,503.6,25.2,29.5,Cotton,0
29.2,19.1,18.1,274.1,37.8,40.2,Onion,0
20.9,30.7,17.6,71.3,26.0,58.2,Cotton,0
24.9,9.2,21.6,563.3,10.6,31.8,Carrot,1
14.4,11.3,13.7,213.5,25.5,44.3,Corn,1
29.9,23.2,18.2,363.1,19.8,71.4,Corn,0
36.0,39.6,13.9,349.7,21.3,53.3,Beans,0
23.9,36.6,27.8,240.5,8.2,22.7,Sugarcane,1
18.2,20.8,18.2,496.8,25.2,26.6,Barley,1
31.5,2.3,26.3,209.4,19.8,73.3,Rice,0
32.4,21.9,26.8,216.8,24.1,51.0,Cabbage,0
34.6,24.1,27.5,416.6,23.4,82.5,Cabbage,0
33.9,27.9,20.4,408.0,36.4,77.4,Rice,0
38.1,11.1,16.6,246.4,31.9,21.0,Potato,0
37.1,5.6,20.9,314.5,20.0,47.9,Wheat,0
28.1,18.4,16.3,232.5,23.8,44.4,Maize,0
36.0,38.8,16.4,333.6,21.2,53.5,Corn,0
31.3,18.4,16.5,200.2,18.9,39.7,Maize,0
17.1,15.3,25.8,328.0,13.2,22.4,Tomato,1
27.6,26.8,22.0,430.1,23.5,58.8,Peas,0
33.1,10.3,22.4,350.5,33.5,30.0,Beans,0
45.0,19.7,11.2,230.5,21.7,64.1,Tomato,0
18.4,4.6,23.5,393.0,32.1,60.8,Barley,1
27.1,11.4,25.6,272.7,18.8,38.9,Tomato,0
35.3,13.4,19.2,394.5,23.2,87.5,Maize,0
32.6,27.4,20.6,346.2,32.2,29.7,Cotton,0
26.9,20.7,14.7,405.8,26.6,65.1,Barley,0
22.2,20.0,15.1,398.3,22.5,53.3,Soybean,0
19.5,7.8,17.5,285.2,21.4,77.6,Spinach,1
39.5,26.2,14.3,403.9,24.4,35.1,Maize,0
31.7,18.4,21.9,241.3,22.3,60.5,Carrot,0
44.6,14.6,19.2,304.1,17.0,38.7,Barley,0
22.7,10.1,7.2,280.9,44.3,20.7,Soybean,0
32.8,34.1,17.2,130.4,22.4,35.4,Barley,0
31.7,25.9,18.2,242.6,25.8,44.4,Lettuce,0
40.5,21.6,20.3,317.3,27.0,74.6,Lettuce,0
20.3,16.0,21.5,356.6,26.2,53.1,Tomato,1
31.4,20.2,21.2,174.0,20.1,33.7,Lettuce,0
13.6,10.6,20.1,337.8,34.0,86.3,Soybean,1
30.2,17.4,10.8,333.0,30.0,24.4,Rice,0
25.0,27.7,11.6,228.1,19.4,86.4,Peas,1
37.5,18.1,18.2,282.0,36.0,58.3,Onion,0
45.0,4.4,19.7,412.3,27.4,29.6,Carrot,0
31.9,24.5,21.9,304.8,27.7,38.2,Barley,0
17.8,21.6,20.8,304.1,29.4,83.6,Beans,1
19.2,11.6,27.9,405.0,22.5,74.1,Maize,1
32.2,7.1,15.2,347.2,36.9,54.9,Sugarcane,0
28.6,24.6,22.7,389.5,8.1,76.3,Potato,0
33.8,15.5,17.6,326.6,21.5,53.7,Soybean,0
24.3,19.9,23.1,50.0,41.0,64.5,Carrot,1
24.2,13.3,23.9,156.0,10.3,79.3,Corn,0
41.1,20.1,15.2,259.3,30.5,86.5,Wheat,0
29.9,37.0,10.9,223.8,23.5,50.1,Cotton,0
26.7,16.8,25.5,366.2,29.3,82.2,Sunflower,0
29.1,6.7,17.2,197.4,22.1,25.0,Beans,0
29.4,26.8,18.2,209.7,24.3,77.9,Sugarcane,1
35.4,27.4,15.2,342.3,25.9,39.8,Sugarcane,0
35.5,26.9,7.2,226.8,16.8,41.3,Carrot,0
19.1,10.3,24.1,433.8,36.9,62.7,Corn,1
20.2,28.6,22.9,254.0,15.9,83.1,Cotton,0
39.6,2.8,17.0,322.9,39.4,31.7,Sugarcane,0
28.8,27.8,13.0,75.9,22.6,86.4,Potato,0
34.7,28.0,20.2,204.4,6.5,85.3,Cabbage,0
26.6,30.8,25.0,381.6,24.4,68.6,Maize,0
20.8,29.4,18.2,254.0,17.5,28.3,Sunflower,1
29.5,24.6,28.4,299.4,30.3,46.6,Peas,0
5.0,21.4,18.0,330.0,28.9,79.0,Cabbage,1
37.5,20.5,34.6,330.6,39.7,57.9,Sugarcane,0
23.2,0.5,22.1,269.7,29.6,63.8,Wheat,0
35.1,23.8,24.0,235.1,31.2,63.7,Maize,0
11.5,26.8,18.0,257.7,24.6,33.4,Corn,1
22.6,4.8,25.6,237.1,37.3,24.8,Lettuce,1
19.6,2.9,14.4,423.6,23.8,86.1,Wheat,1
19.5,27.0,24.3,326.4,22.1,75.0,Carrot,1
24.7,17.3,21.9,303.9,14.3,60.8,Beans,1
27.4,8.9,11.7,217.1,19.7,53.8,Peas,0
33.0,41.1,15.9,343.6,15.5,84.8,Spinach,0
28.4,22.0,15.9,449.9,35.0,38.7,Potato,0
16.0,34.6,11.7,513.7,31.9,56.8,Maize,1
42.6,17.9,21.4,466.4,30.8,67.6,Maize,0
25.4,17.4,18.4,137.6,24.1,78.8,Wheat,0
30.0,11.7,23.5,297.5,41.8,72.0,Soybean,0
27.3,16.3,19.3,382.6,21.5,70.6,Beans,0
8.9,39.7,22.7,204.2,30.2,65.8,Peas,1
17.2,13.1,15.4,216.8,24.5,71.3,Cabbage,1
17.8,14.2,21.2,350.0,28.8,85.3,Wheat,1
20.3,33.3,11.6,309.3,21.9,34.4,Carrot,1
39.7,2.8,21.4,381.0,22.8,66.7,Barley,0
11.6,26.9,17.0,471.9,40.9,85.5,Maize,1
17.3,14.5,24.3,261.3,24.6,41.1,Beans,1
24.9,13.1,17.5,444.4,14.9,31.2,Sunflower,0
33.1,34.9,20.4,380.9,29.4,51.2,Spinach,0
14.9,8.8,20.5,134.0,7.8,44.8,Sugarcane,1
30.3,25.5,18.7,287.5,27.6,44.8,Carrot,0
16.0,12.3,23.2,271.3,27.5,75.6,Soybean,1
5.0,14.9,9.6,278.7,24.7,40.7,Peas,1
15.1,25.3,14.8,374.4,25.9,31.3,Cabbage,1
42.4,10.1,11.1,357.3,27.8,28.5,Wheat,0
22.8,16.9,32.1,343.3,14.0,35.4,Cabbage,1
19.4,19.6,21.1,353.6,27.9,67.5,Tomato,1
16.3,25.3,6.8,300.3,27.6,57.3,Tomato,1
34.2,19.6,29.7,289.8,30.8,88.6,Carrot,0
20.3,7.2,19.3,317.7,3.5,21.3,Peas,1
27.6,24.2,24.3,393.7,23.2,35.5,Peas,0
37.4,21.3,21.8,333.8,8.3,75.4,Spinach,0
23.1,33.3,20.2,258.5,4.8,20.9,Onion,1
37.4,15.4,19.8,305.8,31.8,87.8,Onion,0
5.0,18.1,16.7,270.5,35.8,89.8,Peas,1
14.2,13.1,13.7,152.9,23.5,52.5,Soybean,1
18.8,32.9,24.8,279.1,41.9,20.4,Barley,1
27.7,35.1,27.0,341.5,31.0,56.3,Maize,0
31.2,12.0,27.5,176.9,35.5,47.4,Peas,0
31.4,5.3,27.3,264.2,26.1,73.1,Peas,0
36.6,38.1,18.9,215.2,19.8,42.0,Lettuce,0
35.3,22.9,22.0,365.6,28.0,60.9,Tomato,0
41.1,31.6,17.9,410.8,29.8,39.0,Beans,0
45.0,25.3,15.9,373.4,35.4,52.4,Rice,0
26.1,24.6,13.2,384.8,15.1,77.0,Onion,0
28.5,19.7,23.3,369.7,19.9,35.2,Sugarcane,1
29.6,16.7,22.5,246.2,25.5,66.7,Cotton,0
11.4,16.8,28.6,310.4,40.2,26.6,Rice,1
17.8,24.7,12.3,375.7,29.9,80.1,Tomato,1
45.0,8.2,14.6,184.0,22.6,21.0,Carrot,0
36.0,9.7,25.6,303.5,16.1,20.4,Spinach,0
34.7,23.3,28.2,475.5,39.2,47.2,Corn,0
20.1,27.0,20.8,279.4,29.5,56.9,Spinach,1
36.2,25.5,23.5,459.7,24.5,67.2,Cotton,0
18.5,14.8,20.8,317.8,25.4,24.9,Beans,1
37.3,36.9,22.8,212.0,40.9,78.6,Wheat,0
19.7,21.7,18.0,100.7,8.6,68.0,Onion,1
15.2,50.6,14.5,268.7,11.8,84.5,Rice,1
30.4,2.6,25.6,219.3,23.8,62.5,Barley,0
33.3,36.4,22.2,300.1,16.9,76.0,Spinach,0
39.9,22.5,24.1,296.6,28.6,79.3,Potato,0
19.8,18.0,19.0,225.3,23.6,38.8,Onion,1
9.5,18.9,16.1,333.4,25.2,31.6,Soybean,1
8.0,15.4,16.9,405.2,16.9,29.1,Tomato,1
17.4,5.9,13.5,385.1,37.0,30.9,Sunflower,1
17.9,30.1,20.6,289.9,27.5,47.7,Rice,1
24.6,11.4,13.1,246.0,16.3,58.3,Soybean,0
29.8,23.7,22.0,107.2,22.8,33.7,Lettuce,0
33.5,41.1,18.0,484.3,29.7,66.1,Beans,0
22.0,22.4,16.4,469.0,32.4,82.3,Corn,1
25.3,22.6,13.7,264.9,46.5,65.1,Peas,0
16.2,29.6,21.2,278.0,4.4,83.2,Sugarcane,1
22.5,20.7,22.2,265.0,17.0,75.8,Rice,1
22.0,27.4,22.6,462.8,44.8,61.2,Corn,1
45.0,25.3,26.1,236.3,28.7,52.1,Sugarcane,0
18.6,10.7,20.7,357.5,30.9,63.1,Cabbage,1
35.0,38.9,20.6,282.7,29.9,69.6,Beans,0
19.0,8.9,32.1,322.1,25.2,55.1,Beans,1
33.9,12.2,23.5,257.2,8.6,74.1,Wheat,0
16.9,14.5,26.1,251.3,36.4,28.8,Tomato,1
18.9,22.8,12.9,320.2,26.7,84.9,Peas,1
36.2,11.8,15.8,286.1,20.1,40.5,Beans,0
8.6,25.1,21.0,369.5,13.3,67.5,Maize,1
33.7,5.1,20.8,553.4,30.4,43.8,Rice,0
22.5,28.8,27.4,239.6,23.2,51.0,Carrot,1
28.3,20.3,19.6,370.1,21.2,36.8,Wheat,0
20.7,11.2,13.7,384.9,24.2,33.3,Lettuce,1
27.6,27.3,16.0,244.0,19.8,85.9,Soybean,0
21.5,10.5,28.7,393.2,23.1,82.7,Peas,1
36.4,8.9,15.9,239.1,20.8,50.1,Sugarcane,0
14.4,15.8,22.1,197.0,24.7,67.8,Peas,1
11.3,39.9,24.6,310.6,35.1,66.1,Onion,1
16.5,39.0,21.1,439.3,8.6,86.0,Beans,1
29.7,25.1,20.9,208.8,16.8,88.6,Tomato,0
24.0,21.5,16.6,342.3,41.6,27.2,Cotton,0
7.6,25.8,19.7,345.1,21.6,23.7,Carrot,1
23.5,5.0,20.6,303.0,26.6,29.7,Lettuce,1
35.8,15.3,19.5,432.6,14.7,76.4,Soybean,0
11.0,8.2,21.0,255.9,33.3,83.9,Peas,1
19.4,7.0,22.4,346.2,18.7,41.2,Corn,1
5.0,18.6,16.2,364.0,26.2,41.8,Corn,1
29.5,10.2,20.3,344.7,22.3,49.2,Rice,1
26.7,26.1,20.8,241.3,26.8,44.8,Cabbage,0
29.1,21.7,19.4,270.8,32.3,87.4,Sugarcane,1
23.6,9.3,11.1,415.7,35.3,24.9,Corn,0
29.7,2.5,17.8,246.2,39.8,26.7,Cabbage,0
26.6,37.5,20.1,322.5,30.5,64.1,Tomato,0
22.3,14.0,14.2,88.4,27.4,20.6,Corn,0
32.5,22.5,18.1,50.0,25.2,37.5,Onion,0
31.7,2.4,18.9,291.4,37.1,44.2,Potato,0
18.1,9.3,19.1,448.8,13.3,51.8,Rice,1
25.7,16.6,26.4,408.8,28.5,35.6,Soybean,0
13.5,28.5,20.0,254.6,27.7,59.6,Cabbage,1
28.9,22.5,19.0,224.4,33.4,31.4,Cabbage,0
41.6,26.4,17.4,288.1,27.2,38.5,Corn,0
23.6,27.4,10.5,431.8,25.6,20.8,Maize,0
20.9,9.0,15.9,202.9,36.3,59.6,Lettuce,1
25.6,12.8,27.8,341.1,25.3,33.6,Maize,0
13.9,8.4,18.5,230.0,16.5,38.2,Lettuce,1
5.1,13.9,23.4,222.5,24.9,50.9,Tomato,1
18.4,39.4,19.2,154.2,27.2,34.6,Corn,1
18.9,24.6,17.7,230.5,15.8,67.6,Cotton,0
7.5,23.1,26.1,407.9,20.4,37.3,Cotton,1
15.0,12.5,12.7,249.9,32.8,67.1,Sugarcane,1
30.2,24.7,30.4,324.6,1.4,28.2,Sugarcane,0
31.1,31.2,25.3,322.4,22.8,63.4,Soybean,0
6.7,1.6,16.1,414.5,26.7,34.1,Soybean,1
18.4,16.1,21.1,215.6,11.6,53.0,Barley,1
26.6,26.6,16.4,358.6,21.8,27.2,Barley,0
20.5,28.9,24.5,468.8,38.0,60.3,Barley,1
34.2,26.8,19.7,416.0,14.8,65.7,Rice,0
35.7,23.3,18.6,88.5,23.3,52.6,Cabbage,0
30.3,32.0,22.4,293.8,34.8,74.4,Potato,0
19.5,11.3,21.1,307.7,38.0,55.0,Sugarcane,1
44.5,32.2,20.8,326.4,22.4,80.4,Soybean,0
15.0,30.4,29.5,324.5,25.9,67.3,Rice,1
26.5,33.0,29.2,384.2,18.5,25.7,Sugarcane,1
36.9,34.4,18.8,304.6,17.8,66.6,Cotton,0
36.7,19.2,4.1,368.3,22.5,65.1,Onion,0
15.8,33.6,25.9,313.4,25.6,56.0,Onion,1
30.5,15.6,26.0,246.0,14.2,53.6,Rice,0
24.7,22.7,25.3,309.1,20.5,41.4,Lettuce,1
35.1,31.5,19.8,465.8,31.3,45.5,Peas,0
17.1,23.5,12.1,347.1,22.4,89.6,Corn,1
38.3,26.8,25.5,224.6,33.4,54.4,Carrot,0
21.4,24.2,19.7,201.8,34.0,26.0,Carrot,1
45.0,22.0,15.5,145.1,27.1,64.6,Spinach,0
25.0,14.1,14.5,383.5,32.3,82.9,Barley,0
9.5,9.0,20.7,401.1,31.0,43.6,Tomato,1
14.7,32.3,15.2,462.8,22.7,48.9,Cotton,1
40.9,14.8,18.3,342.8,25.6,46.4,Potato,0
12.5,20.2,9.7,231.4,17.6,81.8,Wheat,1
22.6,35.8,14.4,499.3,18.8,24.3,Rice,1
18.5,24.1,17.4,250.8,26.5,27.8,Soybean,1
7.9,17.2,15.2,350.6,19.2,34.6,Wheat,1
45.0,31.9,21.1,402.7,33.8,57.8,Sugarcane,0
19.4,28.6,20.7,142.3,18.6,30.0,Barley,1
21.8,29.3,22.4,536.2,22.4,55.2,Cabbage,1
5.2,6.1,14.9,359.6,16.9,42.6,Barley,1
40.4,4.2,19.3,440.7,28.2,63.3,Carrot,0
20.1,14.1,24.2,282.5,16.4,65.1,Sunflower,1
26.3,14.1,18.8,380.7,22.7,23.4,Lettuce,0
10.5,23.3,26.0,414.1,20.5,58.8,Barley,1
24.4,27.3,18.5,296.6,29.5,31.5,Lettuce,1
21.1,7.1,21.5,314.6,20.1,73.5,Peas,1
5.0,27.4,22.2,236.5,29.4,47.0,Soybean,1
10.5,0.0,30.3,408.9,22.0,30.2,Rice,1
35.6,47.5,17.4,267.8,3.8,43.1,Sugarcane,0
38.5,15.1,24.1,136.2,26.0,45.1,Spinach,0
36.1,29.2,18.7,249.9,17.3,23.9,Barley,0
30.0,37.8,15.0,264.8,25.5,89.2,Cabbage,0
26.1,25.1,15.4,413.4,13.8,26.8,Spinach,0
19.3,26.2,25.2,159.6,46.2,84.6,Beans,1
45.0,10.1,25.0,342.5,34.6,87.3,Cabbage,0
13.8,15.0,13.1,332.3,24.5,32.7,Carrot,1
19.0,28.3,16.1,439.7,18.9,32.7,Beans,1
25.4,12.0,22.1,428.0,7.3,48.2,Cotton,0
37.8,26.3,22.5,463.1,16.7,48.6,Spinach,0
23.2,33.7,14.2,50.0,20.8,45.0,Rice,1
12.5,12.7,14.5,357.3,16.5,24.8,Barley,1
17.9,19.5,19.2,333.1,36.6,38.3,Cabbage,1
19.5,35.2,20.3,159.3,23.6,42.2,Potato,0
14.4,10.7,22.8,218.9,11.1,83.6,Peas,1
22.3,13.9,16.6,311.3,17.9,37.8,Rice,1
21.7,22.3,25.4,322.4,32.2,76.7,Wheat,1
14.7,11.4,15.3,251.4,29.1,46.9,Spinach,1
19.3,4.4,29.3,227.5,26.6,26.1,Carrot,1
32.5,29.5,18.7,304.1,34.9,47.1,Soybean,0
8.6,30.7,23.0,530.4,13.2,66.4,Tomato,1
16.7,26.7,21.7,207.8,21.9,29.6,Maize,1
23.4,15.3,18.2,300.0,34.2,67.2,Barley,0
45.0,21.4,20.9,363.7,12.7,82.0,Soybean,0
11.1,16.0,19.2,492.6,16.6,70.8,Beans,1
18.1,2.2,26.5,376.4,21.0,38.8,Corn,1
10.8,24.8,22.7,411.9,19.1,30.0,Cabbage,1
23.1,20.6,20.8,311.0,31.4,25.8,Rice,1
19.0,22.6,21.1,378.3,21.6,80.0,Spinach,1
29.4,17.6,18.0,284.8,15.9,37.0,Maize,0
32.2,19.9,19.3,325.0,20.5,36.5,Maize,0
21.1,26.9,23.2,359.0,25.3,25.7,Tomato,1
26.7,34.7,26.7,379.4,21.6,87.2,Sugarcane,1
21.5,30.5,21.7,266.6,14.2,70.4,Spinach,1
27.1,17.7,10.3,223.5,5.8,69.4,Potato,0
17.2,15.8,12.2,389.8,20.9,44.5,Peas,1
22.9,6.1,24.0,399.7,19.2,47.5,Beans,1
26.9,3.3,18.2,263.5,20.9,28.5,Peas,0
24.6,18.5,16.8,50.0,13.8,80.8,Rice,1
16.6,24.0,21.0,354.2,18.3,79.2,Corn,1
36.0,17.7,23.1,159.1,21.7,20.0,Cotton,0
6.9,21.1,22.8,370.3,29.8,70.6,Sugarcane,1
28.7,9.6,25.5,291.6,24.6,72.1,Wheat,0
19.1,23.3,26.3,255.2,19.5,67.3,Wheat,1
5.3,23.1,22.2,290.5,25.3,57.4,Soybean,1
24.9,23.0,21.2,137.4,27.3,44.2,Sugarcane,1
19.4,5.8,17.4,247.5,33.2,77.9,Cabbage,1
26.2,8.8,18.5,171.2,17.8,88.4,Rice,1
5.0,32.3,20.7,426.9,17.2,89.6,Potato,1
15.8,15.1,18.1,328.9,17.9,24.9,Rice,1
28.2,19.1,13.5,236.3,28.4,50.8,Corn,0
21.8,17.6,20.0,425.9,25.4,55.3,Tomato,1
27.4,6.1,12.0,178.3,26.3,68.4,Maize,0
22.6,6.4,22.4,401.9,39.0,28.3,Soybean,0
15.5,13.7,23.3,232.1,18.4,87.9,Rice,1
30.6,18.7,22.0,245.1,35.5,44.0,Wheat,0
19.3,34.3,26.9,455.3,5.1,72.2,Cabbage,1
43.9,26.8,20.9,367.2,29.3,58.6,Beans,0
34.2,24.6,19.6,378.4,40.4,85.3,Peas,0
15.1,34.0,17.6,353.4,36.3,32.6,Spinach,1
23.5,0.0,22.6,261.7,14.5,25.1,Sugarcane,1
29.5,27.1,16.5,276.3,26.7,34.5,Wheat,0
10.9,19.9,18.9,262.8,19.2,84.8,Wheat,1
28.2,36.5,20.7,399.6,13.9,31.6,Beans,0
26.6,7.1,22.1,300.1,23.6,60.8,Cotton,0
22.6,3.3,23.7,216.7,23.9,43.9,Cabbage,1
32.9,14.2,5.5,369.8,23.0,59.8,Peas,0
7.0,13.4,24.3,365.8,28.7,43.7,Wheat,1
38.1,24.3,21.9,244.4,24.0,48.1,Sugarcane,0
38.4,1.9,31.3,232.2,41.8,35.3,Spinach,0
22.4,30.1,15.8,150.1,24.3,87.7,Onion,1
37.3,24.5,31.3,368.2,34.1,55.8,Barley,0
37.4,29.6,22.3,182.1,26.4,71.0,Spinach,0
44.1,19.3,18.7,409.4,28.2,56.1,Corn,0
23.2,30.1,17.3,135.4,37.0,53.1,Carrot,1
11.5,23.9,26.9,190.3,31.3,71.8,Spinach,1
19.6,21.6,10.8,368.1,29.0,69.3,Cotton,0
17.7,38.9,20.2,376.9,20.1,41.2,Soybean,1
28.6,40.2,26.5,260.3,16.2,63.2,Wheat,0
15.0,22.2,21.8,237.4,20.6,54.1,Sugarcane,1
14.9,51.5,14.4,324.3,8.3,33.8,Lettuce,1
44.2,12.3,11.6,252.9,9.2,85.3,Spinach,0
32.5,30.1,15.2,315.4,26.1,42.1,Sunflower,0
41.4,23.6,15.7,296.9,25.1,63.0,Soybean,0
29.7,0.0,16.9,251.2,30.1,33.6,Sunflower,0
20.8,31.2,19.9,337.8,21.5,49.7,Onion,1
38.2,31.8,18.9,247.9,12.4,22.8,Sunflower,0
21.1,29.1,13.6,431.7,32.1,36.2,Corn,1
27.7,22.8,25.1,193.6,33.0,64.2,Peas,0
15.8,13.5,16.3,246.9,23.6,27.9,Cotton,1
16.4,22.0,23.8,138.4,27.4,44.0,Beans,1
32.0,48.1,19.5,339.3,19.1,67.8,Tomato,0
26.8,22.2,14.9,249.9,36.4,81.6,Lettuce,0
31.1,11.4,15.4,186.2,24.3,66.9,Cotton,0
37.1,10.9,17.1,283.7,38.0,35.8,Corn,0
24.9,21.3,18.1,139.6,21.8,86.6,Cotton,0
29.7,24.0,22.2,148.8,17.8,22.6,Sugarcane,1
33.6,20.8,25.7,261.3,16.2,85.7,Potato,0
39.2,7.5,22.8,367.0,26.6,89.8,Sugarcane,0
31.5,28.1,19.2,237.5,17.2,88.8,Barley,0
14.1,18.7,18.1,155.8,20.8,64.0,Beans,1
23.0,22.3,25.7,222.3,37.5,51.1,Potato,0
9.7,24.3,19.0,224.2,17.2,45.9,Cabbage,1
18.9,18.6,24.8,320.8,27.5,66.5,Peas,1
14.0,12.6,28.3,275.7,25.0,68.4,Sugarcane,1
26.5,19.6,20.3,50.0,27.0,60.7,Cabbage,0
29.8,15.5,28.7,284.9,27.6,53.3,Cabbage,0
19.9,22.4,19.7,412.8,25.7,49.2,Corn,1
17.5,25.3,17.6,235.0,25.7,88.0,Lettuce,1
25.7,0.0,22.2,399.6,15.8,55.9,Cotton,0
29.1,18.0,16.6,102.0,21.0,23.7,Carrot,0
17.3,7.2,21.0,486.9,35.2,25.5,Soybean,1
31.5,15.2,21.8,534.9,19.3,50.0,Peas,0
15.3,21.5,26.2,497.3,25.5,83.6,Sugarcane,1
8.3,31.0,12.2,50.0,29.6,39.5,Sunflower,1
27.4,9.1,15.1,203.0,25.9,25.8,Cotton,0
18.7,11.8,26.7,482.3,23.1,47.5,Corn,1
36.4,14.1,22.9,316.9,30.7,62.7,Carrot,0
43.2,38.6,17.6,332.4,10.6,57.3,Potato,0
19.8,17.0,17.3,273.4,18.3,79.6,Sugarcane,1
28.9,16.0,14.3,214.9,9.7,74.7,Barley,0
6.6,28.9,17.1,369.9,25.2,38.3,Corn,1
9.6,0.0,23.0,307.2,28.8,80.4,Sunflower,1
21.4,25.2,23.9,290.9,16.1,29.2,Sunflower,1
40.9,16.2,22.7,225.0,15.0,82.7,Potato,0
21.6,16.5,17.1,264.8,22.1,77.5,Lettuce,1
22.6,20.8,20.8,452.2,25.6,56.6,Wheat,0
36.6,29.7,16.1,320.3,21.3,61.7,Lettuce,0
26.9,18.6,26.0,255.8,22.3,86.7,Maize,0
24.7,12.3,16.4,218.6,17.1,73.2,Corn,0
34.3,20.0,18.8,277.6,33.2,51.1,Soybean,0
23.0,15.4,20.2,125.4,29.0,79.1,Cotton,0
28.8,8.7,25.6,315.4,22.3,20.7,Rice,1
37.2,9.2,16.2,403.6,20.2,51.2,Maize,0
34.0,26.8,14.2,375.5,26.6,30.9,Cotton,0
43.1,2.0,29.0,314.7,26.5,70.0,Tomato,0
12.2,0.3,19.6,301.7,14.2,42.6,Corn,1
44.4,0.6,18.0,116.6,21.0,63.5,Beans,0
16.4,25.9,23.4,330.7,18.4,78.4,Rice,1
17.2,28.8,16.9,375.7,25.0,40.8,Cotton,1
36.2,24.0,16.1,250.0,28.5,27.3,Cabbage,0
45.0,5.4,13.9,387.0,23.9,29.0,Corn,0
33.5,15.9,16.9,357.6,23.8,62.7,Carrot,0
29.6,0.0,23.6,311.9,23.2,50.6,Cabbage,0
27.4,24.7,26.6,126.1,16.6,21.5,Corn,0
29.9,30.7,15.6,334.9,24.0,22.8,Sugarcane,1
33.5,25.4,24.4,233.2,24.5,49.9,Maize,0
27.0,26.1,21.3,105.0,22.2,44.9,Rice,1
5.0,9.3,25.5,283.4,21.2,66.7,Carrot,1
26.0,15.2,11.1,77.0,26.8,77.5,Spinach,0
19.4,23.1,12.1,278.7,34.4,44.0,Rice,1
42.4,27.8,24.1,392.3,23.1,48.1,Spinach,0
27.9,31.5,21.5,426.8,27.3,42.9,Sunflower,0
24.4,24.9,23.5,250.0,32.8,82.5,Potato,0
36.3,11.3,18.3,338.3,18.6,80.1,Soybean,0
25.2,11.8,13.5,181.8,11.9,74.4,Wheat,0
34.4,26.4,22.2,389.9,14.1,42.0,Beans,0
31.3,13.7,16.5,368.1,21.0,53.9,Wheat,0
26.3,20.0,28.1,176.3,30.4,31.0,Soybean,0
39.7,25.4,17.5,114.1,26.8,40.5,Maize,0
24.6,18.4,26.3,355.4,22.2,33.8,Sunflower,0
31.9,22.7,23.3,293.0,15.5,33.2,Spinach,0
35.6,14.7,25.1,353.4,46.5,55.9,Spinach,0
13.6,25.4,26.7,173.9,40.8,67.8,Cotton,1
29.2,17.4,13.8,185.2,25.3,49.7,Sunflower,0
30.0,11.2,23.7,236.2,26.7,83.7,Peas,0
22.0,13.9,5.3,211.5,26.3,51.4,Spinach,1
26.3,18.9,15.6,385.1,24.0,83.9,Barley,0
22.6,10.4,24.4,445.0,13.6,30.2,Beans,1
33.2,21.6,28.7,216.5,23.3,73.9,Lettuce,0
23.7,14.0,18.5,380.9,20.3,46.5,Cotton,0
13.2,38.2,17.2,383.2,26.7,85.0,Potato,1
15.2,18.3,10.3,315.9,20.0,88.9,Beans,1
18.9,22.0,22.7,82.8,24.9,77.1,Maize,1
26.6,24.2,26.6,278.4,32.5,62.3,Rice,1
22.0,20.8,13.3,386.3,8.9,32.1,Sunflower,1
18.4,26.1,15.7,177.4,35.3,21.3,Tomato,1
15.3,39.9,12.9,311.9,31.7,30.2,Tomato,1
33.5,11.1,23.9,335.6,35.1,34.8,Cotton,0
17.6,19.0,29.2,447.2,19.8,69.1,Cotton,1
25.6,20.7,29.5,193.5,23.7,40.4,Spinach,0
22.7,33.9,23.2,461.6,13.9,52.5,Rice,1
24.7,18.6,26.3,374.5,24.8,64.6,Rice,1
17.0,17.5,15.4,510.7,19.5,31.5,Spinach,1
31.9,16.8,19.6,261.7,32.7,64.2,Maize,0
7.3,13.6,19.1,115.4,18.0,55.6,Corn,1
23.1,34.7,16.5,196.3,30.3,36.7,Cotton,0
10.6,15.2,19.6,324.3,32.6,30.3,Cabbage,1
30.3,32.8,24.0,378.9,27.1,63.7,Corn,0
30.8,18.7,27.0,251.6,32.6,83.5,Wheat,0
24.6,8.6,16.8,245.0,29.9,57.9,Tomato,1
25.8,19.6,31.9,418.4,30.8,66.6,Cotton,0
26.1,28.6,22.9,218.7,27.9,73.6,Cotton,0
34.8,14.6,25.7,311.5,28.9,25.9,Rice,0
11.9,12.1,20.2,163.5,30.6,76.3,Corn,1
31.2,21.7,23.3,216.6,25.5,66.8,Corn,0
36.1,18.3,15.9,358.5,22.0,29.0,Spinach,0
25.3,18.7,17.0,328.8,17.6,73.4,Beans,0
13.4,10.1,21.2,181.7,23.0,69.0,Beans,1
17.3,21.5,19.4,161.9,14.0,57.0,Onion,1
11.5,30.8,17.2,255.7,23.7,58.8,Sunflower,1
24.0,0.0,12.5,341.9,24.5,43.4,Potato,0
39.5,22.2,18.4,279.9,15.0,34.7,Sugarcane,0
29.9,0.5,9.7,373.9,29.1,46.4,Sunflower,0
24.4,19.9,13.2,395.3,17.6,25.4,Peas,1
39.3,15.8,23.8,108.6,30.3,23.7,Rice,0
17.0,10.3,22.8,272.0,35.1,33.2,Onion,1
26.4,2.6,17.7,267.0,26.8,71.4,Soybean,0
15.0,0.0,17.9,157.3,26.1,27.7,Beans,1
25.5,34.9,15.9,253.5,18.3,72.9,Barley,0
10.5,14.0,15.1,451.0,35.5,69.0,Beans,1
36.7,25.3,9.1,247.1,20.5,55.9,Rice,0
29.8,25.3,20.7,418.2,43.7,23.5,Soybean,0
45.0,20.6,23.2,221.4,31.5,21.1,Onion,0
24.9,5.9,18.8,493.1,31.9,41.2,Carrot,1
19.7,21.5,20.2,425.7,45.8,32.0,Tomato,1
36.4,32.2,15.4,253.4,50.0,27.7,Carrot,0
18.2,29.7,25.0,437.4,18.2,37.0,Onion,1
29.8,20.5,24.9,386.6,18.8,84.9,Lettuce,0
35.4,13.4,23.5,333.1,16.5,85.2,Beans,0
33.0,15.7,21.9,162.3,13.4,30.6,Wheat,0
13.3,2.7,17.7,419.2,25.4,54.5,Maize,1
5.0,7.3,21.1,406.3,22.0,65.1,Cotton,1
6.6,6.5,14.4,365.1,30.8,55.0,Barley,1
16.2,15.8,17.8,395.6,26.1,40.1,Beans,1
22.4,10.9,19.6,402.6,14.0,52.3,Tomato,1
25.9,23.9,20.0,270.9,20.2,64.7,Spinach,0
45.0,32.0,13.7,378.7,33.2,33.6,Maize,0
21.0,20.4,27.1,283.8,20.1,51.1,Tomato,1
25.8,10.5,18.7,247.3,16.4,67.0,Cotton,0
35.4,10.6,25.6,270.6,36.6,54.0,Onion,0
27.4,7.9,18.3,300.3,34.9,79.4,Peas,0
8.3,40.4,21.5,207.4,17.3,85.3,Wheat,1
43.6,29.7,20.4,266.5,49.1,45.2,Carrot,0
31.3,39.2,16.7,413.9,15.8,81.0,Onion,0
32.1,51.1,24.0,215.2,21.6,52.2,Peas,0
20.5,27.3,13.6,404.8,28.9,49.2,Lettuce,1
22.6,30.3,14.6,391.4,22.7,51.3,Spinach,1
39.9,26.7,19.7,252.6,26.5,52.6,Potato,0
45.0,27.0,23.9,236.3,25.5,24.2,Peas,0
45.0,7.6,26.3,373.1,29.3,87.8,Soybean,0
35.4,33.6,21.5,352.2,27.0,38.6,Barley,0
25.0,38.9,15.4,381.1,36.0,29.8,Beans,0
24.9,2.0,16.7,109.4,28.4,81.8,Lettuce,1
33.3,16.7,23.7,312.9,9.1,85.8,Beans,0
19.3,14.6,18.1,225.1,27.2,71.5,Lettuce,1
28.8,23.1,20.0,230.7,24.6,38.4,Cabbage,0
31.1,4.4,21.0,310.1,25.3,74.2,Cotton,0
35.4,24.8,19.4,338.3,30.5,70.0,Cotton,0
34.6,43.2,19.9,350.5,25.7,78.9,Tomato,0
17.9,45.3,19.9,312.7,23.0,36.1,Sunflower,1
44.0,18.8,18.0,397.0,17.9,51.4,Maize,0
32.2,20.3,24.0,307.5,16.8,28.9,Rice,0
45.0,16.7,23.2,298.8,15.1,70.0,Corn,0
6.0,21.7,18.2,241.2,13.9,51.1,Lettuce,1
31.9,13.2,18.6,298.6,26.2,79.8,Sunflower,0
26.0,33.5,23.6,318.5,13.4,71.6,Soybean,0
31.3,13.8,17.9,405.8,26.5,83.1,Sugarcane,0
37.0,28.0,14.1,289.8,32.9,62.5,Rice,0
24.6,2.5,20.6,216.3,15.7,50.9,Rice,1
25.1,18.2,10.0,197.1,18.0,21.8,Wheat,0
15.1,14.5,14.3,325.6,35.9,59.2,Peas,1
15.0,32.3,16.1,105.3,41.3,31.9,Cotton,1
27.2,15.5,19.0,336.8,33.3,81.7,Peas,0
5.4,0.0,20.4,426.1,17.6,40.1,Wheat,1
22.7,34.4,15.5,147.8,28.5,39.1,Carrot,1
31.2,18.8,24.5,366.3,25.6,34.9,Onion,0
32.2,20.6,23.8,260.6,18.8,22.5,Maize,0
33.1,40.7,21.9,143.9,39.6,34.1,Rice,0
45.0,23.5,23.5,373.3,23.4,72.0,Spinach,0
19.3,9.4,18.7,330.8,41.5,64.8,Sunflower,1
26.8,28.4,19.5,215.8,31.0,54.6,Potato,0
31.5,19.9,15.5,389.8,17.4,33.3,Corn,0
11.5,16.9,9.8,161.9,40.1,56.5,Beans,1
9.3,11.8,18.0,361.2,11.2,50.9,Sunflower,1
37.7,15.2,17.7,279.1,23.7,75.5,Maize,0
31.6,28.7,21.7,494.0,35.3,56.6,Wheat,0
45.0,23.8,22.6,262.3,33.9,21.1,Maize,0
14.1,30.4,14.2,360.5,20.3,76.2,Sunflower,1
35.3,26.0,28.1,341.6,15.3,76.6,Lettuce,0
38.6,30.9,18.5,235.1,31.7,37.1,Maize,0
24.8,0.0,12.8,268.4,28.8,37.1,Tomato,1
17.0,29.7,16.3,490.7,13.5,26.3,Spinach,1
23.2,33.7,15.1,254.9,30.2,20.3,Tomato,1
25.9,24.1,17.2,357.5,34.6,79.7,Maize,0
8.9,13.0,10.9,353.7,34.8,60.1,Soybean,1
23.2,9.9,15.1,270.3,22.6,40.0,Potato,0
45.0,36.4,32.0,343.7,17.8,55.8,Potato,0
15.0,9.5,22.1,129.8,20.5,71.6,Sugarcane,1
14.4,22.6,27.6,86.6,12.7,48.0,Beans,1
31.8,0.0,27.2,218.9,22.1,27.5,Potato,0
6.9,17.3,19.8,311.4,25.5,24.0,Cotton,1
15.7,5.6,26.8,446.2,26.4,77.3,Barley,1
6.6,11.9,25.4,228.2,24.1,29.2,Potato,1
39.4,27.3,20.3,425.4,28.2,76.0,Sugarcane,0
31.1,14.4,17.1,238.0,17.7,85.2,Maize,0
41.8,4.3,15.0,281.8,29.6,47.3,Carrot,0
14.2,23.8,18.2,170.0,42.4,25.0,Rice,1
13.8,30.9,12.6,345.7,23.0,64.4,Cabbage,1
6.1,23.1,14.1,260.3,29.3,55.2,Soybean,1
25.9,11.4,26.1,179.1,17.3,53.5,Carrot,0
30.9,13.3,24.4,223.0,19.9,52.6,Rice,0
14.5,41.2,18.9,50.0,36.7,78.4,Soybean,1
34.6,19.8,16.1,122.6,19.5,22.6,Onion,0
18.8,26.9,16.9,294.3,34.5,49.1,Corn,1
12.6,35.2,23.9,415.4,17.6,76.9,Cotton,1
25.7,40.0,25.7,289.8,21.1,65.4,Spinach,0
31.9,24.2,20.8,516.1,20.1,59.9,Carrot,0
24.3,0.3,19.9,329.4,27.0,67.1,Maize,0
40.2,23.8,18.1,250.0,23.6,51.3,Cabbage,0
41.4,30.0,19.6,190.3,39.4,40.5,Corn,0
5.0,21.0,18.9,403.1,29.9,79.5,Barley,1
27.9,5.9,19.3,237.4,26.2,48.9,Cabbage,0
40.8,15.9,22.6,361.9,30.9,78.4,Lettuce,0
25.6,30.5,19.6,399.2,22.1,76.2,Maize,0
22.7,18.6,20.7,372.9,30.1,44.2,Wheat,0
27.6,27.2,14.1,139.6,14.4,68.3,Cabbage,0
17.5,13.4,23.8,238.5,18.1,55.3,Cabbage,1
18.9,18.2,19.4,429.2,19.0,58.5,Spinach,1
33.1,15.7,16.0,461.3,26.4,63.2,Wheat,0
21.8,27.6,13.3,410.7,23.9,84.2,Sugarcane,1
31.0,4.5,18.1,300.5,33.2,75.7,Lettuce,0
31.8,30.5,19.8,377.1,25.4,53.9,Peas,0
23.9,29.9,9.4,423.4,22.4,39.9,Beans,1
24.7,15.5,21.7,257.1,25.7,54.8,Spinach,1
20.2,8.8,29.9,191.6,25.1,32.8,Soybean,1
17.0,36.4,22.0,416.8,19.2,50.3,Wheat,1
36.9,35.4,17.2,274.6,19.0,45.0,Maize,0
28.8,24.1,18.6,311.3,28.7,38.3,Cotton,0
22.9,29.7,22.1,322.1,14.8,56.2,Sunflower,0
21.2,26.6,28.8,403.9,25.7,48.7,Lettuce,1
23.3,16.7,22.0,284.6,22.4,67.0,Wheat,0
7.2,26.7,25.9,554.3,17.0,23.2,Sunflower,1
33.4,22.7,15.9,301.1,33.4,36.7,Corn,0
12.0,27.9,17.2,50.0,35.9,42.0,Maize,1
22.6,21.3,20.0,412.4,41.4,63.7,Cotton,0
13.7,11.8,24.7,409.4,20.6,44.9,Rice,1
25.1,5.2,17.6,156.4,30.6,36.0,Carrot,0
32.2,2.7,26.7,549.7,25.4,59.2,Corn,0
11.8,20.2,20.9,434.5,27.9,85.3,Beans,1
20.0,27.9,26.8,275.5,28.9,54.3,Beans,1
20.4,34.9,22.0,349.4,28.5,50.7,Sunflower,1
25.5,21.5,25.6,110.9,31.7,59.3,Carrot,0
19.1,19.3,9.9,354.9,43.8,80.8,Wheat,1
19.5,20.6,18.5,390.0,29.3,23.9,Cabbage,1
23.7,21.4,21.8,332.0,23.3,83.3,Sunflower,0
28.8,5.5,16.9,399.7,20.6,48.6,Soybean,0
20.5,7.9,9.0,276.9,26.1,64.9,Cotton,0
24.5,11.9,29.4,258.9,26.2,27.3,Sunflower,0
38.0,21.1,20.4,362.3,27.3,58.3,Wheat,0
24.0,7.6,19.9,73.1,23.3,64.8,Wheat,0
8.4,14.9,24.8,232.4,9.8,45.4,Peas,1
27.6,10.6,21.3,380.6,21.9,36.3,Rice,1
32.0,11.6,21.5,169.7,28.6,86.0,Cabbage,0
21.4,32.9,20.2,206.5,10.1,29.0,Onion,1
8.7,0.0,21.5,313.9,22.7,54.7,Corn,1
23.9,10.4,22.7,398.8,33.3,36.4,Spinach,1
13.6,36.0,23.1,217.9,26.0,56.0,Wheat,1
23.8,22.9,23.4,221.9,27.1,62.3,Spinach,1
25.5,11.8,27.8,129.4,23.9,32.2,Peas,0
16.6,22.7,25.8,152.9,31.4,82.6,Beans,1
19.0,3.3,19.5,303.4,26.3,39.5,Barley,1
38.6,17.4,21.1,393.0,13.3,30.5,Barley,0
29.1,46.2,9.5,294.6,9.4,56.1,Cotton,0
16.1,15.8,23.8,279.6,23.7,63.1,Beans,1
15.9,35.7,15.5,53.8,18.7,41.7,Cabbage,1
22.4,23.4,23.2,240.1,20.7,50.2,Cabbage,1
25.7,32.2,18.7,450.0,29.6,73.2,Lettuce,0
29.6,11.8,21.6,59.6,36.1,38.8,Sugarcane,1
10.2,36.7,16.3,216.6,6.9,84.0,Barley,1
21.5,21.3,24.5,309.3,25.8,78.3,Onion,1
35.2,14.7,7.5,331.3,41.7,20.9,Sunflower,0
24.6,0.1,16.6,281.6,16.2,54.7,Carrot,1
17.2,37.7,20.5,347.0,24.0,47.8,Carrot,1
25.9,24.8,13.4,411.2,25.1,86.7,Beans,0
37.5,21.6,23.2,308.2,11.0,62.5,Cabbage,0
16.4,14.4,16.8,356.5,24.9,73.9,Wheat,1
19.3,28.5,23.7,232.2,23.7,55.4,Beans,1
19.6,11.6,26.6,435.7,39.3,58.3,Spinach,1
8.6,14.8,25.5,261.9,23.8,54.5,Carrot,1
13.3,24.9,17.7,247.1,31.7,81.2,Sunflower,1
40.3,14.9,19.8,355.1,18.0,60.1,Onion,0
27.3,21.0,25.8,383.0,15.7,58.0,Sugarcane,1
38.7,21.3,24.3,422.4,27.7,55.0,Sugarcane,0
19.1,30.0,17.6,394.7,17.7,26.6,Lettuce,1
14.7,30.6,13.0,255.2,24.8,64.1,Onion,1
32.6,10.0,28.1,499.1,28.1,49.2,Wheat,0
28.9,31.7,23.3,291.7,21.2,36.2,Beans,0
36.7,11.0,17.3,232.6,33.2,84.0,Cotton,0
29.7,8.3,14.4,236.9,17.5,83.1,Sunflower,0
19.5,14.4,19.8,252.7,26.2,84.8,Rice,1
27.0,30.9,22.4,213.9,42.4,82.3,Carrot,0
26.9,10.7,18.9,247.2,25.7,56.9,Potato,0
23.9,17.1,17.2,315.4,24.7,43.3,Onion,1
20.9,8.1,17.0,370.5,35.3,28.4,Maize,1
33.6,3.1,24.1,381.7,32.6,53.4,Peas,0
37.2,27.4,22.5,194.8,15.8,67.0,Sunflower,0
32.6,25.1,27.3,253.3,20.8,88.2,Spinach,0
15.4,46.4,23.0,304.9,30.8,63.0,Beans,1
24.9,37.2,16.1,246.8,36.7,59.9,Tomato,1
33.0,26.6,20.7,216.6,38.9,68.3,Corn,0
34.0,9.9,29.0,356.1,20.2,20.5,Sugarcane,0
36.1,19.0,18.3,269.0,12.6,25.1,Potato,0
29.4,12.0,21.9,204.4,24.0,32.4,Cotton,0
19.0,18.4,15.6,307.2,30.9,56.9,Spinach,1
23.9,24.5,24.2,264.6,30.7,70.9,Sugarcane,1
45.0,21.8,16.3,351.0,19.2,41.1,Tomato,0
13.3,23.5,15.7,406.4,17.4,68.2,Beans,1
29.5,20.5,25.0,487.9,30.8,87.3,Potato,0
23.9,21.5,16.2,321.0,37.2,66.2,Beans,1
17.2,34.7,20.7,343.5,33.0,43.7,Peas,1
29.6,17.8,23.8,218.6,35.7,50.6,Wheat,0
32.0,15.2,19.8,298.3,30.5,43.9,Soybean,0
25.6,16.3,12.6,325.8,40.1,70.9,Carrot,0
16.2,10.2,22.8,383.6,19.9,51.8,Corn,1
17.8,16.6,21.6,243.4,21.5,21.5,Soybean,1
31.4,5.2,18.1,132.4,25.9,85.8,Sunflower,0
5.6,28.9,13.4,122.7,22.1,80.0,Barley,1
42.1,17.4,13.5,152.3,11.6,28.8,Corn,0
25.3,14.6,14.4,361.4,5.3,36.6,Sugarcane,1
17.0,19.4,16.3,341.7,34.3,78.3,Carrot,1
28.2,11.6,23.4,249.9,16.0,60.0,Spinach,0
25.4,28.0,21.7,137.6,19.4,21.0,Carrot,0
8.1,6.8,18.6,171.7,36.0,72.4,Lettuce,1
29.9,20.9,24.9,505.5,29.7,47.1,Tomato,0
11.4,2.0,18.1,323.4,47.4,54.6,Sugarcane,1
30.5,15.2,13.5,210.6,11.9,30.5,Corn,0
21.5,18.1,19.2,486.4,13.1,48.6,Potato,0
7.3,12.8,15.6,254.4,35.3,54.5,Wheat,1
37.0,28.8,29.2,231.0,35.9,51.3,Barley,0
30.5,17.8,15.3,433.3,32.4,32.5,Carrot,0
31.6,15.5,21.9,349.5,28.1,73.8,Peas,0
21.0,10.2,19.3,495.8,31.7,34.7,Carrot,1
15.0,16.7,27.1,377.3,23.7,86.5,Peas,1
28.1,22.3,17.5,357.1,29.0,84.0,Sunflower,0
21.4,27.4,19.5,191.8,21.8,39.2,Sunflower,1
25.8,7.9,20.3,311.3,26.5,71.2,Cotton,0
29.6,32.2,18.3,458.7,23.6,42.6,Cabbage,0
5.5,30.1,13.6,341.2,18.6,83.9,Corn,1
17.8,16.5,15.6,232.0,32.0,27.3,Barley,1
24.0,13.8,21.4,312.6,31.2,45.5,Beans,1
20.9,21.6,24.6,346.2,29.3,48.1,Spinach,1
5.0,43.2,17.4,395.7,24.2,54.9,Tomato,1
34.5,2.6,28.2,269.5,29.9,24.2,Corn,0
30.3,7.2,23.6,317.8,23.1,26.9,Lettuce,0
33.1,14.0,16.7,304.9,30.5,82.2,Beans,0
24.3,23.0,17.1,397.3,30.0,47.8,Wheat,0
30.0,9.0,24.3,259.0,23.6,47.8,Rice,1
14.8,26.7,17.2,233.5,19.0,29.1,Cotton,1
34.0,31.2,17.4,368.3,36.1,45.9,Wheat,0
42.9,27.3,24.2,287.3,32.6,57.1,Peas,0
23.3,31.0,21.8,306.5,32.3,25.8,Rice,1
25.7,27.4,17.0,240.7,36.0,86.8,Wheat,0
24.2,25.1,22.5,180.2,18.9,75.1,Sunflower,0
28.8,10.3,28.6,397.3,17.6,37.0,Soybean,0
38.2,24.3,16.3,269.1,30.7,22.3,Spinach,0
20.0,25.2,26.7,291.8,27.5,67.7,Maize,1
34.4,4.6,15.9,464.8,23.2,48.2,Cotton,0
35.0,24.9,19.3,276.7,29.4,37.7,Soybean,0
30.7,11.4,12.9,133.2,23.3,53.7,Beans,0
14.8,18.8,20.5,187.6,29.5,36.8,Cabbage,1
21.0,27.2,12.8,311.5,15.1,21.4,Rice,1
12.9,3.7,14.8,248.0,15.0,42.2,Rice,1
31.2,3.2,23.3,286.1,37.1,37.9,Carrot,0
13.7,18.5,18.3,267.3,22.3,73.3,Wheat,1
27.9,25.0,15.9,272.5,27.5,76.3,Cotton,0
26.6,26.9,9.9,211.4,22.3,61.3,Maize,0
5.0,23.1,19.3,203.0,27.9,27.1,Rice,1
22.8,32.5,24.3,490.6,21.1,45.2,Beans,1
33.0,21.8,13.7,478.7,21.7,88.7,Cotton,0
31.0,25.7,16.5,430.5,12.4,68.7,Tomato,0
13.8,19.8,21.6,381.3,27.5,32.6,Onion,1
14.7,25.4,22.8,369.5,27.4,51.3,Potato,1
23.6,21.0,26.3,307.8,17.2,21.4,Beans,1
31.6,28.8,14.9,247.1,21.1,43.6,Soybean,0
25.5,20.1,24.7,336.8,19.4,32.0,Corn,0
23.0,14.7,14.7,479.4,28.0,34.8,Sunflower,0
30.1,37.8,18.6,174.4,26.5,47.9,Spinach,0
14.6,19.8,23.5,447.5,23.5,77.5,Sugarcane,1
30.2,19.3,19.8,426.8,30.1,44.4,Lettuce,0
30.0,13.5,20.2,337.4,21.7,29.3,Potato,0
35.5,0.0,18.5,454.5,29.1,27.9,Spinach,0
37.7,39.5,18.8,381.1,43.3,52.8,Wheat,0
20.0,13.9,11.2,474.1,14.7,66.4,Maize,1
25.6,22.3,26.2,421.8,33.2,40.4,Lettuce,0
27.0,12.1,24.6,368.7,30.8,51.5,Lettuce,0
41.5,20.0,23.0,313.6,30.6,57.7,Spinach,0
27.7,22.5,16.5,287.7,25.0,44.1,Sunflower,0
24.1,13.5,9.8,337.4,36.6,73.2,Lettuce,1
19.9,0.0,23.7,324.0,36.2,38.8,Corn,1
21.0,0.0,19.5,243.3,16.6,70.9,Cotton,0
26.1,18.2,20.3,234.7,29.5,38.3,Cabbage,0
9.6,26.6,25.4,334.7,19.5,50.9,Onion,1
27.2,23.8,22.2,260.6,30.2,68.0,Potato,0
17.0,28.3,16.8,386.4,3.3,40.6,Tomato,1
27.6,24.8,21.3,501.3,20.8,47.4,Rice,1
29.3,21.4,19.6,315.8,27.5,73.6,Carrot,0
25.9,20.7,15.2,176.6,16.3,21.6,Sunflower,0
22.8,2.4,16.5,347.3,19.4,20.0,Corn,0
30.2,9.2,25.0,412.7,16.0,86.9,Peas,0
16.8,12.0,13.4,296.0,15.0,75.6,Beans,1
37.2,0.0,19.8,260.6,30.5,64.5,Cotton,0
35.7,17.8,16.0,451.5,10.3,30.7,Sunflower,0
24.2,30.0,21.1,398.3,33.3,66.1,Onion,1
30.9,30.3,17.3,343.8,28.1,28.1,Sunflower,0
14.6,37.8,28.4,211.6,26.2,74.0,Spinach,1
18.2,28.1,21.7,593.5,16.8,84.3,Potato,0
14.9,13.7,19.6,360.2,21.2,39.6,Cotton,1
19.9,22.0,17.5,251.3,16.8,24.3,Beans,1
29.1,22.9,19.0,149.4,33.6,73.4,Beans,0
24.1,0.9,21.9,344.2,19.7,62.1,Cotton,0
28.0,36.7,9.4,341.4,42.1,49.3,Carrot,0
27.8,19.7,25.2,231.9,26.7,54.2,Soybean,0
22.8,29.9,18.8,263.2,25.1,79.4,Soybean,0
11.6,14.2,25.6,253.8,12.2,52.7,Maize,1
8.8,13.0,22.7,355.3,43.0,62.3,Soybean,1
15.9,32.8,8.8,279.9,48.9,41.4,Carrot,1
27.6,15.2,16.9,241.4,13.6,60.9,Spinach,0
20.4,10.4,6.4,277.3,31.9,86.7,Maize,1
5.4,5.2,20.0,245.6,40.9,69.5,Maize,1
43.3,19.1,20.1,596.1,31.4,22.4,Cabbage,0
45.0,19.9,18.5,192.6,37.8,49.2,Spinach,0
15.9,25.4,32.1,187.9,6.3,44.5,Cotton,1
17.1,11.3,28.5,303.1,18.9,70.7,Rice,1
25.1,38.2,20.3,351.8,30.7,79.3,Maize,0
44.3,22.6,19.9,403.1,33.8,35.4,Sunflower,0
16.9,35.1,25.6,362.9,15.9,49.7,Wheat,1
25.5,34.0,6.1,196.7,23.4,40.1,Tomato,0
15.0,4.0,10.5,302.5,19.6,55.3,Corn,1
27.3,11.6,16.9,223.8,21.7,42.9,Sugarcane,1
30.4,14.6,21.6,238.4,31.1,37.4,Spinach,0
30.7,26.0,18.7,202.0,20.8,38.4,Barley,0
17.9,38.5,21.6,223.3,22.5,39.5,Lettuce,1
16.0,15.9,17.8,380.6,31.4,53.0,Onion,1
44.1,15.9,21.2,371.5,27.4,24.0,Soybean,0
10.4,33.0,1.5,307.5,28.7,54.5,Rice,1
19.0,22.5,20.0,387.9,28.8,49.0,Rice,1
12.9,20.8,25.2,463.1,13.1,26.1,Cotton,1
33.7,30.1,10.7,236.2,23.1,89.5,Cabbage,0
22.6,9.4,23.4,70.8,27.2,24.3,Spinach,1
36.5,26.9,20.1,300.4,20.3,60.9,Rice,0
11.6,10.1,19.0,302.4,25.4,89.5,Peas,1
11.4,19.4,24.1,193.4,24.6,35.0,Soybean,1
26.1,43.7,21.5,326.3,19.3,59.6,Onion,0
42.1,17.2,16.6,174.6,20.6,61.0,Beans,0
5.0,26.7,10.3,163.4,21.8,32.2,Soybean,1
12.9,27.9,11.1,371.5,23.1,74.6,Lettuce,1
41.1,33.5,26.7,444.4,27.3,71.3,Beans,0
25.3,34.9,23.3,344.7,32.9,55.2,Tomato,0
41.2,36.3,19.7,325.3,20.1,66.7,Barley,0
19.9,13.0,21.2,275.7,31.9,41.9,Beans,1
34.8,14.1,15.7,229.9,11.3,47.9,Cabbage,0
29.4,0.9,23.8,411.8,14.1,79.6,Maize,0
36.4,13.6,22.6,185.7,28.1,74.3,Beans,0
26.3,35.4,23.0,228.9,25.9,28.2,Peas,0
21.2,17.9,28.0,91.9,34.6,65.1,Cabbage,1
15.6,27.3,26.3,380.1,41.5,20.8,Carrot,1
30.0,28.9,5.0,391.1,36.1,59.1,Onion,0
36.0,14.6,26.2,240.6,25.7,22.9,Spinach,0
20.2,36.8,12.7,419.1,30.4,54.9,Lettuce,1
7.8,11.2,13.0,278.0,24.0,27.3,Wheat,1
9.1,27.6,25.1,363.9,25.7,27.1,Wheat,1
15.0,10.2,20.8,431.4,17.4,45.5,Maize,1
25.2,15.8,26.7,112.5,32.5,88.9,Potato,0
39.2,1.6,11.4,478.6,17.8,54.3,Tomato,0
18.2,16.6,15.3,163.3,26.0,40.7,Sugarcane,1
27.6,14.7,26.8,50.0,28.2,37.7,Corn,0
23.1,26.1,17.8,366.4,17.2,66.2,Carrot,1
25.4,21.9,29.0,402.4,31.8,75.6,Sunflower,0
17.2,31.6,18.6,197.0,15.5,25.0,Corn,1
44.9,21.2,29.5,261.0,30.5,26.0,Soybean,0
26.3,35.5,17.4,190.3,22.7,38.6,Sugarcane,1
5.0,45.1,28.7,101.9,21.5,53.3,Beans,1
45.0,15.7,18.8,386.4,24.3,62.1,Lettuce,0
29.9,28.1,15.8,125.6,26.3,74.4,Peas,0
23.8,34.4,17.2,418.4,25.4,61.7,Wheat,0
32.1,37.4,20.4,123.0,16.3,48.5,Soybean,0
45.0,40.6,14.4,299.1,14.7,28.8,Maize,0
24.8,13.4,14.8,334.0,12.6,27.6,Soybean,0
18.7,32.9,18.7,327.8,17.5,39.0,Onion,1
15.0,33.7,28.2,525.1,34.2,85.4,Cotton,1
24.9,19.2,15.3,277.7,34.5,70.5,Carrot,1
35.4,24.4,22.0,324.5,21.7,87.2,Carrot,0
5.0,21.7,20.2,407.0,15.9,69.1,Corn,1
21.8,28.3,20.8,267.5,24.5,43.1,Corn,1
33.7,44.3,22.4,271.9,23.7,82.3,Corn,0
32.1,14.6,18.3,323.5,22.1,35.6,Lettuce,0
17.3,33.7,29.8,296.1,35.0,68.9,Corn,1
14.4,19.8,24.3,161.1,23.2,41.5,Onion,1
40.7,12.9,18.5,338.7,29.8,45.0,Tomato,0
32.2,18.7,14.6,497.9,25.6,64.3,Tomato,0
32.3,26.8,22.8,308.1,16.5,67.4,Spinach,0
18.1,8.8,27.7,207.2,34.9,40.3,Sunflower,1
31.4,18.8,17.7,324.5,28.8,62.8,Peas,0
32.1,42.4,17.1,546.9,16.2,51.1,Lettuce,0
27.4,23.0,19.8,126.2,25.1,72.4,Cotton,0
37.1,12.6,22.6,170.6,18.5,44.5,Maize,0
33.9,21.2,19.1,551.3,14.7,63.1,Barley,0
17.6,8.1,29.7,224.0,30.3,43.6,Spinach,1
13.3,4.9,20.3,390.2,22.2,70.5,Tomato,1
15.4,16.1,10.5,347.0,40.8,79.0,Rice,1
30.7,24.0,24.7,339.5,22.5,81.3,Corn,0
17.0,30.5,14.8,561.5,28.2,32.6,Wheat,1
23.7,18.9,29.0,340.1,29.4,37.2,Peas,1
30.3,34.1,22.0,381.6,16.5,48.7,Soybean,0
33.0,35.0,22.7,404.2,20.6,60.6,Beans,0
22.9,11.0,4.8,351.4,10.9,41.1,Sunflower,0
22.4,18.8,16.1,318.5,23.0,24.2,Soybean,0
26.1,12.3,19.7,148.6,30.0,56.9,Sunflower,0
9.8,34.1,16.6,309.1,27.8,44.8,Carrot,1
23.2,37.3,23.4,275.4,23.1,51.9,Barley,0
22.5,16.2,17.7,67.4,17.3,42.3,Rice,1
36.8,16.6,23.0,102.5,18.2,25.1,Sugarcane,0
34.5,16.9,13.8,427.4,24.2,76.9,Soybean,0
42.3,29.9,24.8,379.4,20.9,42.2,Potato,0
32.0,23.5,18.2,362.3,31.6,76.3,Cotton,0
9.9,42.7,20.3,405.0,16.9,31.9,Corn,1
11.4,23.9,19.7,221.0,18.6,86.5,Cotton,1
27.3,18.2,23.3,212.9,24.4,62.6,Onion,0
18.4,21.3,24.5,245.0,19.4,65.0,Rice,1
17.3,0.0,23.4,398.5,12.3,85.7,Maize,1
35.2,16.0,12.6,95.1,35.1,22.4,Carrot,0
31.2,29.4,16.5,158.3,10.6,51.6,Corn,0
38.9,33.2,29.6,304.7,34.5,25.1,Lettuce,0
28.1,0.0,23.2,415.4,12.8,82.4,Lettuce,0
5.3,18.9,23.2,198.6,35.7,31.0,Tomato,1
15.8,2.9,15.0,228.8,24.0,55.8,Soybean,1
36.8,14.2,14.6,303.0,19.9,38.4,Sugarcane,0
39.8,20.4,24.5,233.7,30.6,54.3,Onion,0
31.4,25.6,12.7,296.8,32.1,37.2,Potato,0
35.6,9.6,25.1,135.5,20.4,53.0,Barley,0
36.3,0.0,18.4,433.7,16.0,83.9,Carrot,0
35.3,19.6,18.3,298.6,21.7,55.1,Soybean,0
25.2,10.9,18.6,183.1,27.8,55.8,Soybean,0
5.3,12.0,16.3,572.2,31.8,86.1,Lettuce,1
36.0,24.9,12.0,339.5,33.6,23.3,Sunflower,0
16.5,29.7,23.5,485.2,21.7,47.2,Wheat,1
31.0,21.1,20.1,223.1,25.8,21.7,Sugarcane,0
5.0,22.2,26.5,123.5,21.7,40.9,Onion,1
28.1,12.4,25.5,225.8,26.1,56.6,Corn,0
24.0,6.9,17.8,303.0,13.6,67.0,Barley,0
5.0,13.2,13.3,323.4,21.6,35.9,Onion,1
31.3,16.3,19.9,270.8,26.3,64.0,Carrot,0
22.8,35.4,25.0,390.2,21.0,33.0,Lettuce,1
30.4,24.1,17.0,449.3,23.7,72.2,Sugarcane,0
25.8,37.8,13.1,461.7,21.7,52.0,Beans,0
39.7,7.5,26.6,415.6,36.1,85.2,Spinach,0
17.4,17.0,27.9,295.2,19.2,37.0,Lettuce,1
16.2,22.0,17.0,388.3,35.2,71.3,Wheat,1
30.8,7.7,22.7,234.0,16.9,49.5,Barley,0
19.9,42.0,9.7,145.4,35.6,47.5,Sunflower,1
37.4,33.4,20.4,285.9,21.1,54.2,Carrot,0
25.9,11.6,18.0,375.3,19.3,88.0,Rice,1
31.4,38.8,23.4,382.6,17.0,78.0,Beans,0
25.9,17.6,17.6,332.5,28.7,21.6,Tomato,0
33.6,6.9,23.4,342.0,26.6,88.6,Sugarcane,0
24.9,1.1,26.9,383.9,17.3,62.3,Beans,1
33.2,10.9,21.7,329.7,19.9,48.5,Sugarcane,0
28.5,22.2,16.4,306.3,32.3,71.5,Peas,0
24.4,31.3,20.6,220.7,17.6,79.4,Onion,1
20.5,39.2,23.5,162.9,34.6,22.4,Wheat,1
19.5,11.6,11.4,312.3,28.6,26.2,Carrot,1
11.8,24.3,28.6,463.9,9.6,45.6,Barley,1
32.1,10.7,13.0,217.1,26.7,35.1,Cotton,0
12.0,29.8,24.7,329.3,20.7,67.6,Lettuce,1
14.8,16.3,24.1,311.5,33.7,20.0,Potato,1
21.6,1.4,25.7,281.8,38.0,30.5,Spinach,1
22.2,16.4,19.7,255.2,30.3,62.3,Onion,1
21.0,38.5,24.9,405.4,30.7,41.8,Corn,1
22.8,16.8,19.7,201.8,31.3,72.4,Wheat,0
28.7,18.5,15.8,552.9,16.3,85.0,Peas,0
36.5,14.3,10.6,241.0,31.9,75.4,Cabbage,0
31.4,26.7,23.6,434.0,18.8,62.0,Carrot,0
19.2,24.0,13.4,276.1,35.3,86.5,Maize,1
24.4,38.1,24.3,359.2,24.4,62.6,Sugarcane,1
13.1,9.9,10.3,245.1,35.6,28.7,Corn,1
23.8,24.5,16.2,142.5,21.7,68.1,Peas,1
29.1,18.3,17.4,284.8,31.3,61.9,Sugarcane,1
35.1,20.4,9.5,263.1,23.1,38.2,Onion,0
26.4,26.6,14.7,396.7,14.2,38.9,Tomato,0
28.6,20.7,21.4,234.5,16.9,73.9,Peas,0
21.2,15.0,27.7,333.7,14.3,20.1,Carrot,1
30.9,16.8,29.4,187.0,25.3,43.9,Sugarcane,0
42.4,22.8,21.3,206.1,21.6,37.0,Spinach,0
43.2,24.4,21.3,216.1,22.0,56.6,Carrot,0
18.4,19.1,20.3,332.4,40.8,54.8,Maize,1
32.2,17.2,19.8,239.0,26.3,27.5,Onion,0
19.4,15.4,25.2,262.0,21.8,61.2,Spinach,1
36.3,9.3,15.4,534.5,30.7,54.2,Peas,0
25.9,2.8,15.4,249.6,24.4,26.6,Cabbage,0
43.9,31.8,24.0,408.0,36.0,21.1,Sunflower,0
24.7,33.3,21.6,409.6,29.9,52.2,Cabbage,1
11.8,43.3,18.7,351.9,32.6,24.6,Sugarcane,1
24.7,15.0,19.1,371.5,35.2,74.9,Sunflower,0
30.7,6.8,19.6,218.2,-2.3,54.3,Sugarcane,0
17.7,12.6,30.6,397.8,5.9,84.1,Spinach,1
19.3,1.9,15.2,50.0,23.9,56.3,Peas,1
8.7,20.8,17.9,450.2,36.3,67.6,Potato,1
32.9,3.7,21.3,268.4,30.9,30.3,Sunflower,0
24.4,20.7,21.7,204.4,22.9,85.0,Cabbage,1
28.7,7.1,20.4,192.0,15.6,31.2,Beans,0
33.7,33.3,19.2,475.7,34.5,67.7,Potato,0
25.2,28.6,20.7,354.9,35.2,42.1,Sunflower,0
14.6,30.3,15.2,220.7,21.3,67.0,Wheat,1
45.0,13.8,16.0,92.8,26.2,80.2,Beans,0
28.6,33.3,16.5,413.8,20.8,58.2,Corn,0
32.8,32.4,15.5,190.5,25.2,72.5,Lettuce,0
30.2,17.8,14.2,373.1,19.5,41.3,Carrot,0
16.3,24.4,20.8,60.4,19.6,41.7,Spinach,1
32.2,29.2,17.1,299.6,20.4,62.3,Soybean,0
26.1,2.4,13.7,211.1,23.7,63.3,Spinach,0
33.0,23.3,10.7,398.3,29.2,58.1,Barley,0
30.9,18.0,20.9,346.8,27.1,36.5,Rice,0
26.0,17.9,10.9,563.1,30.8,33.4,Carrot,0
15.2,15.1,12.2,346.5,10.4,40.3,Peas,1
27.6,14.4,22.3,245.6,21.0,44.5,Carrot,0
9.8,32.7,19.1,620.9,18.5,34.1,Rice,1
22.4,32.8,16.0,275.1,32.0,82.1,Onion,1
28.1,14.5,26.6,240.4,9.4,44.2,Sunflower,0
41.0,35.3,23.8,274.7,-0.9,89.8,Sugarcane,0
28.0,14.9,20.8,374.6,19.8,23.5,Cabbage,0
14.9,28.6,18.4,274.0,41.8,58.2,Corn,1
31.0,20.4,28.4,303.9,42.7,54.4,Maize,0
25.9,23.8,28.4,183.7,34.6,59.7,Wheat,0
21.0,9.2,21.7,362.3,30.1,36.6,Barley,1
19.9,22.4,27.4,95.3,23.2,62.1,Sugarcane,1
11.7,10.3,13.5,365.4,28.7,46.3,Potato,1
20.7,41.9,18.8,373.5,25.1,51.9,Sugarcane,1
6.5,4.9,25.9,252.5,19.4,37.9,Sunflower,1
27.1,19.9,19.1,433.9,19.4,21.4,Onion,0
11.5,7.8,8.2,492.0,26.6,85.9,Potato,1
36.7,14.5,33.0,386.8,27.7,29.3,Tomato,0
28.9,19.8,9.7,215.7,31.7,49.0,Peas,0
10.2,30.6,17.3,261.1,16.0,57.0,Cotton,1
28.8,43.2,15.7,236.1,30.2,24.6,Carrot,0
35.3,13.7,12.4,79.2,39.7,39.1,Potato,0
26.1,13.7,10.5,291.2,42.7,63.4,Peas,0
21.3,24.9,20.7,361.8,25.9,80.5,Lettuce,1
23.7,26.9,22.0,308.9,20.6,79.7,Lettuce,1
26.3,14.1,10.8,221.6,26.0,53.5,Beans,0
16.4,14.8,15.4,413.8,14.7,63.6,Rice,1
16.7,15.1,9.9,167.6,39.5,72.5,Potato,1
41.4,34.7,15.7,305.0,22.2,43.4,Lettuce,0
32.9,24.6,23.7,288.5,39.1,79.2,Tomato,0
37.2,14.2,16.7,262.2,11.4,65.7,Rice,0
26.5,18.3,20.4,298.4,45.7,57.1,Lettuce,0
11.7,15.2,15.4,342.0,22.6,53.7,Soybean,1
12.3,37.5,23.1,258.1,28.5,62.7,Sugarcane,1
43.3,20.9,16.7,175.2,15.6,84.6,Maize,0
33.8,23.5,22.8,338.3,38.0,29.8,Barley,0
27.4,33.0,22.0,167.9,21.2,83.8,Cotton,0
20.4,9.3,24.1,149.2,32.9,56.8,Beans,1
29.5,46.5,25.9,217.2,30.7,45.8,Lettuce,0
26.6,23.3,16.8,350.4,21.1,37.9,Potato,0
5.0,16.9,29.7,334.3,24.8,47.5,Beans,1
28.3,23.1,10.2,415.5,24.1,57.7,Sunflower,0
32.1,13.7,19.8,285.4,33.1,61.2,Onion,0
12.3,28.0,19.3,229.2,11.7,70.9,Potato,1
22.4,24.5,21.6,179.8,28.5,40.0,Peas,1
20.7,36.6,18.0,116.4,31.5,24.8,Potato,0
15.7,26.4,17.1,282.5,24.2,45.8,Maize,1
36.9,11.0,21.3,231.2,33.9,29.5,Sunflower,0
16.8,24.4,19.3,113.4,33.7,86.5,Onion,1
31.9,15.4,22.6,225.2,28.1,58.7,Wheat,0
25.2,24.4,23.0,141.1,35.3,34.7,Spinach,0
24.7,8.3,27.9,150.2,26.8,21.3,Barley,0
18.9,20.6,13.5,389.2,17.4,42.5,Sunflower,1
29.2,10.2,22.9,227.7,35.1,23.4,Spinach,0
15.3,10.1,23.7,353.5,34.7,61.1,Potato,1
45.0,15.5,29.5,273.7,14.0,35.0,Rice,0
21.9,30.5,22.9,279.1,15.2,54.6,Rice,1
33.5,20.0,25.2,396.2,34.2,43.7,Maize,0
18.8,30.0,26.1,359.0,16.6,37.7,Cotton,0
34.9,33.6,23.6,50.6,26.0,66.1,Onion,0
30.9,14.9,15.7,451.1,26.7,42.5,Lettuce,0
16.4,11.4,20.7,348.6,28.9,70.5,Corn,1
17.5,13.2,20.0,306.1,40.4,21.8,Soybean,1
25.8,31.8,17.8,268.8,14.4,55.5,Carrot,0
17.6,20.8,17.2,438.1,20.9,22.7,Onion,1
36.0,19.1,16.5,260.7,27.1,82.2,Tomato,0
35.9,31.6,19.9,287.9,17.5,40.1,Maize,0
17.8,24.1,22.1,421.5,23.8,27.6,Cotton,1
29.1,32.9,18.6,243.2,20.3,65.2,Peas,0
42.6,17.8,24.3,387.9,30.4,48.4,Spinach,0
19.9,18.2,23.1,280.5,19.2,62.0,Onion,1
21.8,21.4,24.2,242.8,35.2,30.7,Corn,1
9.2,8.9,19.9,345.8,41.1,75.5,Peas,1
10.8,37.5,7.5,223.1,21.3,20.4,Sugarcane,1
30.8,13.9,24.6,368.0,13.8,57.5,Onion,0
45.0,18.9,24.8,201.2,11.5,21.8,Soybean,0
34.1,10.9,19.0,224.4,18.3,22.2,Carrot,0
31.5,13.2,13.4,271.1,37.1,41.8,Corn,0
36.5,15.2,25.3,171.9,18.6,58.3,Beans,0
21.8,8.5,22.4,399.5,36.7,82.8,Barley,1
18.7,22.5,14.4,191.1,29.5,47.4,Barley,1
32.8,8.3,18.2,464.8,25.5,52.1,Barley,0
26.3,28.0,28.3,267.5,31.9,41.0,Sugarcane,1
9.3,24.5,15.4,353.7,34.2,72.9,Tomato,1
28.3,29.9,20.2,377.9,26.3,58.3,Cabbage,0
26.5,24.7,21.8,377.7,26.6,67.3,Barley,0
5.0,12.5,8.3,306.9,34.1,33.5,Beans,1
26.4,16.1,21.0,259.5,17.8,69.5,Soybean,0
24.2,35.9,17.1,155.7,30.1,84.7,Lettuce,1
42.4,26.6,21.0,340.9,36.3,22.8,Rice,0
16.3,14.0,22.5,376.3,31.5,57.8,Wheat,1
35.9,3.2,24.8,382.1,25.9,57.3,Cotton,0
5.0,34.0,18.7,302.9,22.6,72.0,Sugarcane,1
14.3,4.6,27.4,379.5,31.5,59.2,Carrot,1
22.8,31.0,24.3,278.5,38.7,34.8,Tomato,1
36.4,9.4,22.7,377.1,27.7,45.4,Cabbage,0
29.7,11.5,11.5,279.6,25.5,82.8,Rice,1
13.1,25.8,19.7,254.5,33.1,85.0,Spinach,1
26.9,16.2,27.8,221.2,30.3,46.0,Spinach,0
32.8,25.1,14.4,83.6,28.3,40.2,Barley,0
30.3,10.4,9.4,380.6,15.2,45.5,Corn,0
21.4,40.3,24.5,261.9,12.3,49.1,Rice,1
38.2,8.5,22.2,387.4,26.4,20.8,Spinach,0
29.0,0.0,15.7,297.0,28.9,86.1,Soybean,0
32.7,40.4,26.8,157.8,18.4,39.2,Soybean,0
42.6,28.6,13.9,394.9,34.9,30.7,Potato,0
41.2,21.7,17.0,329.0,14.5,71.8,Spinach,0
32.1,19.8,17.3,165.0,36.4,83.1,Cotton,0
30.9,12.9,23.6,293.0,22.7,29.9,Rice,0
21.6,21.2,17.5,366.9,40.0,50.1,Beans,1
17.5,18.5,16.7,320.8,26.1,48.9,Corn,1
12.3,36.3,25.0,171.0,26.7,22.2,Carrot,1
37.2,30.6,20.4,123.2,22.6,36.2,Cotton,0
7.4,29.9,14.3,370.4,26.1,44.4,Cotton,1
24.5,21.8,25.8,355.2,27.4,83.1,Onion,1
26.6,28.9,25.4,255.9,21.6,77.5,Sunflower,0
24.1,7.9,16.1,166.9,28.4,42.7,Lettuce,1
23.8,22.1,15.1,316.0,21.6,39.7,Cotton,0
17.3,28.0,16.2,365.2,27.6,64.4,Cabbage,1
19.9,21.3,13.3,354.9,24.5,35.7,Sunflower,1
34.1,9.1,19.4,188.1,30.1,50.3,Beans,0
15.0,21.3,18.2,317.7,25.2,52.5,Sugarcane,1
15.1,21.7,19.1,387.2,34.8,29.1,Soybean,1
30.1,23.8,15.0,338.3,20.6,68.2,Peas,0
32.5,12.5,22.6,118.7,30.1,32.5,Sugarcane,0
13.4,16.4,24.8,270.0,28.7,86.2,Spinach,1
23.6,22.6,18.9,366.7,12.6,75.9,Potato,0
23.5,19.4,23.0,226.1,12.1,29.7,Cabbage,1
28.8,16.9,26.8,290.1,31.6,72.1,Tomato,0
18.2,13.9,27.6,255.5,37.8,39.8,Lettuce,1
33.9,6.9,30.1,145.0,32.5,89.3,Sugarcane,0
15.9,29.2,25.0,286.5,24.4,78.4,Cabbage,1
29.3,23.8,25.1,399.6,24.8,79.2,Sugarcane,1
22.9,10.2,11.5,226.5,23.4,73.1,Soybean,0
31.7,9.6,24.4,304.7,30.6,78.2,Corn,0
28.0,13.2,19.9,276.0,28.9,88.6,Tomato,0
13.2,21.1,21.8,281.7,32.7,43.3,Beans,1
33.4,40.7,16.6,467.5,20.3,77.8,Cotton,0
39.1,17.3,20.3,317.0,24.7,27.0,Soybean,0
45.0,7.5,20.9,187.7,17.4,39.6,Onion,0
9.0,8.7,24.4,397.9,28.3,48.1,Peas,1
28.2,16.5,12.5,321.9,26.3,74.8,Corn,0
24.7,23.7,25.8,408.6,8.3,60.4,Carrot,1
8.0,9.5,27.1,245.8,30.7,40.6,Sugarcane,1
24.7,16.2,21.6,327.7,24.3,54.3,Beans,1
32.0,16.5,14.2,428.1,34.7,81.8,Beans,0
26.6,29.1,1.2,280.7,29.8,47.8,Wheat,0
10.8,34.6,22.2,225.7,28.5,21.3,Onion,1
33.4,26.3,24.5,155.2,15.6,37.7,Spinach,0
18.8,31.8,16.8,179.0,30.3,72.1,Cabbage,1
45.0,1.3,18.2,252.3,25.9,28.5,Sugarcane,0
42.2,25.4,19.4,421.7,26.2,35.6,Peas,0
41.0,8.7,13.7,218.5,22.2,25.9,Tomato,0
18.9,28.0,20.0,282.3,27.0,39.3,Rice,1
21.1,11.7,26.9,124.0,30.2,54.7,Sunflower,1
38.0,12.1,11.8,306.4,31.9,56.8,Sunflower,0
21.1,29.4,19.7,174.6,17.0,81.1,Tomato,1
18.1,15.4,14.8,386.8,22.1,69.2,Sugarcane,1
23.5,14.0,25.8,380.7,23.2,36.7,Sugarcane,1
19.6,31.7,15.8,138.8,16.4,77.3,Cotton,0
35.3,24.6,26.6,167.7,43.6,39.4,Sugarcane,0
15.6,1.9,23.1,334.7,16.9,63.0,Wheat,1
9.7,26.1,22.4,311.2,24.0,55.3,Rice,1
30.3,0.0,14.1,398.0,19.7,55.1,Barley,0
11.0,25.4,20.6,377.2,21.5,89.9,Spinach,1
35.9,9.1,12.7,121.5,10.1,25.6,Potato,0
35.8,20.2,12.0,230.4,24.5,71.0,Maize,0
41.7,16.2,17.3,217.0,24.5,87.9,Sunflower,0
24.3,23.4,19.9,495.4,30.5,43.3,Lettuce,1
38.3,3.2,16.0,467.7,21.5,25.3,Carrot,0
11.9,35.7,20.5,350.1,19.7,73.3,Maize,1
30.0,15.3,11.8,343.1,24.9,48.5,Soybean,0
14.0,37.9,17.8,449.6,35.2,70.0,Beans,1
20.8,24.0,17.7,269.3,34.1,71.6,Peas,1
26.1,26.8,20.6,261.7,31.7,25.9,Wheat,0
44.4,20.9,20.8,203.6,21.6,64.4,Maize,0
9.4,26.1,21.6,301.9,29.8,75.9,Peas,1
17.4,12.9,20.6,193.7,28.4,40.7,Soybean,1
33.5,14.7,21.4,391.4,32.1,66.2,Potato,0
36.4,17.5,26.0,387.6,14.9,73.1,Lettuce,0
45.0,9.0,19.7,181.6,21.9,45.5,Barley,0
28.4,14.2,17.6,236.7,46.8,35.5,Onion,0
31.1,25.0,18.9,221.7,40.4,75.3,Spinach,0
15.3,7.3,19.7,242.6,29.9,84.4,Carrot,1
31.8,25.9,21.9,402.8,28.2,38.3,Sunflower,0
25.3,18.4,21.7,375.0,29.9,81.7,Tomato,0
21.7,15.7,26.7,439.7,27.5,39.1,Cabbage,1
25.5,18.3,11.7,199.8,34.0,85.6,Wheat,0
29.3,16.6,22.9,196.6,24.4,79.5,Wheat,0
16.9,9.7,9.7,422.2,21.8,28.7,Wheat,1
26.6,7.4,15.0,227.7,27.9,24.6,Potato,0
15.8,20.6,22.5,289.2,22.5,49.0,Soybean,1
22.9,26.4,17.6,246.7,30.1,26.9,Barley,0
27.8,15.2,10.4,245.8,27.2,56.3,Sugarcane,1
35.7,25.7,24.8,94.9,16.8,74.0,Peas,0
31.3,23.3,18.9,342.7,20.2,72.6,Soybean,0
17.2,11.6,18.0,347.1,18.0,21.4,Sunflower,1
33.8,25.2,22.3,388.8,25.1,84.0,Onion,0
31.2,15.4,24.2,321.8,14.0,51.7,Cotton,0
22.3,15.6,18.2,323.0,17.1,63.6,Lettuce,1
9.3,0.4,13.2,356.5,33.5,30.6,Barley,1
11.1,0.7,18.5,294.6,29.0,48.4,Tomato,1
33.2,23.8,19.2,410.6,14.5,25.6,Sunflower,0
20.6,22.3,20.3,391.5,22.6,84.9,Cotton,0
27.3,24.4,18.4,217.5,19.7,38.5,Cabbage,0
39.3,1.4,16.6,290.6,28.3,51.4,Carrot,0
40.8,29.5,16.5,222.9,30.3,33.8,Corn,0
23.4,32.0,17.6,326.9,26.7,76.6,Sunflower,0
24.5,23.6,31.0,328.9,29.1,55.7,Cabbage,1
22.3,33.2,20.9,197.5,39.8,85.1,Onion,1
34.9,10.6,28.3,500.1,32.2,88.1,Beans,0
13.9,17.3,19.5,350.6,23.4,58.4,Carrot,1
27.5,18.8,20.2,433.6,42.1,44.3,Potato,0
24.0,12.6,24.2,214.7,35.1,42.7,Maize,0
31.2,8.1,22.2,317.6,23.8,72.0,Corn,0
18.6,29.6,22.3,360.6,20.0,33.0,Beans,1
7.8,21.8,21.8,275.1,28.0,44.2,Cabbage,1
30.9,26.1,16.4,423.3,42.9,88.2,Tomato,0
14.1,18.2,21.7,528.0,19.1,39.1,Beans,1
29.5,16.8,17.6,360.0,18.4,61.1,Soybean,0
27.4,10.1,22.6,515.6,22.0,22.0,Lettuce,0
32.2,28.5,16.5,475.1,20.3,42.7,Peas,0
31.3,18.2,16.4,262.7,16.6,64.0,Maize,0
32.4,13.8,12.2,441.2,20.7,25.3,Corn,0
22.0,16.2,22.0,110.5,14.4,55.9,Spinach,1
21.9,14.5,20.6,397.1,19.2,70.0,Wheat,1
23.5,28.1,19.8,300.3,29.0,32.3,Wheat,0
6.7,30.0,22.9,165.5,27.1,88.8,Cotton,1
25.0,9.1,19.9,104.1,29.6,31.8,Potato,0
24.3,5.9,19.6,449.7,20.1,58.5,Rice,1
22.6,22.6,20.3,278.3,22.7,53.1,Potato,0
28.1,22.1,25.6,367.7,26.5,75.8,Sugarcane,1
40.2,27.3,10.9,296.1,25.7,89.3,Spinach,0
39.5,15.1,20.9,272.9,21.7,45.4,Peas,0
23.9,29.0,29.6,333.0,22.4,87.3,Maize,0
29.4,31.8,20.8,348.5,30.6,65.2,Barley,0
16.2,24.6,13.3,234.2,34.2,46.6,Sunflower,1
6.2,4.8,19.9,329.3,28.9,54.4,Peas,1
22.0,25.7,19.6,235.5,16.9,41.5,Beans,1
32.5,22.3,20.2,121.9,31.2,67.6,Cabbage,0
39.9,31.3,14.3,260.6,13.8,33.2,Onion,0
23.5,17.2,28.5,366.7,21.7,27.3,Cotton,0
26.4,12.5,18.5,300.2,14.0,75.5,Cabbage,0
12.2,31.6,26.3,175.5,35.9,30.9,Carrot,1
23.6,29.2,22.0,218.6,15.7,57.6,Cotton,0
30.7,26.5,19.4,184.3,19.5,64.3,Maize,0
36.5,9.2,21.7,254.2,33.4,39.7,Potato,0
25.9,26.0,24.8,448.0,23.1,58.6,Tomato,0
21.0,23.6,23.8,355.6,25.4,28.4,Peas,1
26.3,21.5,26.0,132.0,26.0,36.1,Soybean,0
12.9,0.0,23.9,273.2,27.9,88.0,Peas,1
29.5,27.4,22.3,488.0,28.0,66.6,Beans,0
26.7,18.4,26.3,145.9,30.0,65.2,Rice,1
9.1,24.0,19.9,361.2,16.9,37.1,Sunflower,1
19.6,20.3,14.5,335.7,16.5,30.9,Maize,1
13.5,0.0,19.2,445.4,36.2,59.2,Wheat,1
28.2,18.2,12.3,131.2,20.2,32.1,Sugarcane,1
30.6,31.6,18.3,443.7,11.2,42.9,Cotton,0
35.8,35.6,24.0,183.2,33.1,43.1,Lettuce,0
11.4,0.5,19.7,232.0,21.2,46.9,Sugarcane,1
37.7,20.8,19.3,251.7,14.5,24.5,Maize,0
26.9,0.0,17.2,327.9,30.8,40.9,Cotton,0
27.1,26.1,22.4,353.1,16.4,46.3,Onion,0
8.6,17.9,19.1,224.8,13.7,40.8,Cabbage,1
17.3,28.3,21.4,253.6,8.4,82.7,Sunflower,1
25.5,17.6,14.0,344.8,29.4,23.8,Sugarcane,1
14.1,3.5,12.4,316.7,14.0,79.5,Spinach,1
23.6,12.2,17.8,273.0,37.9,65.0,Carrot,1
34.5,27.8,7.3,396.9,13.7,60.7,Tomato,0
35.1,11.9,13.3,123.6,33.7,66.7,Barley,0
31.6,26.0,30.0,102.9,24.6,55.3,Cotton,0
17.2,17.5,15.6,315.5,33.6,83.5,Potato,1
21.3,26.6,16.4,306.0,26.0,81.7,Cotton,0
17.2,17.9,19.6,534.9,23.3,74.3,Soybean,1
7.3,18.1,11.1,65.7,20.1,77.4,Wheat,1
45.0,27.4,18.5,268.1,27.2,69.4,Tomato,0
20.4,13.5,21.2,437.7,31.1,80.2,Peas,1
16.3,18.3,19.9,242.7,19.1,40.1,Corn,1
26.7,37.8,21.5,370.2,17.8,76.7,Soybean,0
30.4,37.0,23.9,190.2,23.6,79.9,Sunflower,0
22.2,14.3,15.8,119.9,21.9,36.4,Lettuce,1
8.5,20.3,27.8,229.6,23.6,57.5,Carrot,1
35.2,25.0,23.2,232.2,22.6,25.0,Rice,0
34.8,16.8,26.3,391.1,21.1,29.0,Rice,0
19.2,6.8,17.7,382.3,25.3,64.8,Cabbage,1
32.0,10.8,29.0,355.3,22.3,29.8,Onion,0
19.9,3.0,19.6,382.3,32.6,29.9,Tomato,1
30.0,14.6,10.1,250.5,22.6,66.3,Barley,0
21.9,20.4,16.6,185.5,28.2,21.5,Soybean,1
29.5,22.1,22.3,343.4,10.8,35.2,Potato,0
31.4,38.5,23.0,462.1,28.9,86.6,Corn,0
33.0,31.9,18.1,564.7,22.2,72.5,Cotton,0
22.9,24.5,22.1,363.6,31.8,75.5,Rice,1
22.1,23.8,15.6,255.5,15.1,62.9,Onion,1
43.5,11.4,14.5,335.6,22.0,61.1,Lettuce,0
20.6,8.6,7.7,201.9,24.1,67.6,Corn,1
41.0,19.5,18.9,411.0,33.7,50.1,Cabbage,0
11.2,10.7,22.4,245.4,24.2,86.7,Beans,1
30.4,12.3,12.7,165.2,19.7,50.1,Wheat,0
22.2,21.2,22.2,343.4,19.0,53.7,Peas,1
13.8,26.3,27.1,278.0,18.2,55.5,Rice,1
26.2,18.3,19.6,351.5,15.6,58.6,Corn,0
25.4,27.6,17.8,338.2,21.3,62.0,Peas,0
20.7,8.9,11.5,229.9,30.0,48.0,Lettuce,1
27.3,24.1,18.6,358.4,25.4,30.8,Soybean,0
18.3,51.3,23.0,405.3,22.2,43.7,Beans,1
16.4,25.0,26.1,150.7,23.6,43.4,Rice,1
22.0,30.7,21.2,473.6,22.8,24.3,Tomato,1
37.3,46.0,26.5,323.4,31.1,41.2,Wheat,0
32.4,26.2,16.9,591.4,14.8,86.8,Spinach,0
14.2,22.3,30.6,216.4,22.9,54.6,Peas,1
21.7,25.7,21.4,403.0,35.3,75.0,Corn,1
28.1,0.0,20.0,242.7,26.2,55.5,Spinach,0
38.4,29.3,19.2,326.8,13.4,20.8,Cabbage,0
41.4,31.9,22.6,431.6,23.4,57.4,Cabbage,0
23.0,16.1,26.8,150.9,25.4,83.1,Beans,1
17.6,26.3,25.1,274.7,23.5,78.1,Cabbage,1
28.4,17.5,19.4,216.3,27.8,40.5,Maize,0
35.5,17.0,23.8,257.9,13.0,71.1,Sunflower,0
25.2,3.9,18.4,315.2,18.5,55.8,Sunflower,0
30.8,27.6,18.6,264.5,19.3,74.5,Tomato,0
17.0,20.3,18.7,212.9,26.3,80.7,Onion,1
28.6,46.8,16.7,427.5,29.1,76.8,Carrot,0
29.3,31.6,22.6,258.1,21.2,42.5,Spinach,0
24.1,21.4,25.9,334.6,24.5,60.7,Onion,1
28.9,36.0,13.4,367.1,12.3,81.9,Soybean,0
20.6,8.5,24.3,111.0,23.2,42.6,Wheat,1
29.3,39.9,30.3,214.8,22.8,64.9,Sunflower,0
37.3,23.8,18.2,342.4,17.5,30.5,Tomato,0
26.0,14.8,17.2,381.1,19.8,33.6,Tomato,0
34.2,32.2,11.7,413.3,41.5,84.0,Potato,0
35.3,20.8,24.6,190.4,19.0,33.4,Peas,0
12.1,28.8,17.2,224.1,22.9,73.1,Cabbage,1
12.4,16.0,14.7,254.2,23.8,52.3,Rice,1
20.9,32.5,18.6,238.1,35.6,59.6,Sugarcane,1
32.8,17.8,20.7,147.5,23.9,60.7,Wheat,0
16.4,6.5,21.5,430.9,33.8,85.3,Carrot,1
15.6,21.2,28.8,356.1,29.9,32.8,Sunflower,1
14.3,37.7,14.9,220.4,13.2,26.4,Maize,1
33.2,50.6,18.0,194.4,29.4,77.2,Cabbage,0
27.2,18.3,19.3,534.9,32.6,58.0,Lettuce,0
21.6,18.6,13.9,258.8,39.5,57.2,Peas,1
30.8,25.2,23.9,232.3,32.4,47.1,Barley,0
8.1,13.3,15.5,293.5,25.1,79.4,Corn,1
11.3,13.7,19.0,469.7,40.9,79.5,Peas,1
5.0,21.1,34.6,347.9,25.1,84.2,Cabbage,1
38.1,20.1,19.9,204.6,29.1,33.3,Barley,0
24.7,11.7,17.0,241.3,16.7,28.3,Lettuce,1
32.8,18.6,24.6,252.1,13.4,70.1,Beans,0
33.4,15.5,14.7,330.8,18.1,50.3,Lettuce,0
31.7,12.6,12.7,314.6,25.6,57.0,Peas,0
29.6,12.1,24.6,418.6,17.1,60.7,Onion,0
20.1,15.7,28.4,173.3,17.1,34.8,Sunflower,1
24.2,15.4,17.4,250.0,17.1,67.9,Lettuce,1
16.7,18.2,21.0,203.2,20.9,62.1,Barley,1
29.2,0.6,16.4,473.9,28.3,24.5,Corn,0
30.4,26.1,22.9,458.4,28.3,51.1,Cotton,0
29.6,30.9,20.9,247.9,23.2,78.7,Tomato,0
32.5,20.4,15.5,318.7,13.2,78.5,Soybean,0
33.9,9.6,19.3,169.4,34.1,28.1,Cabbage,0
33.2,10.4,20.0,290.5,13.7,82.1,Wheat,0
13.5,29.6,22.6,321.3,14.5,60.0,Spinach,1
13.2,30.2,22.3,495.0,21.5,65.6,Potato,1
22.6,30.6,23.2,343.2,17.8,45.0,Soybean,0
9.1,14.4,19.3,321.7,35.2,40.7,Barley,1
25.7,0.0,18.7,344.8,27.8,21.4,Peas,0
34.0,9.6,15.7,146.7,14.9,46.1,Cotton,0
27.9,27.6,26.1,477.8,36.8,58.9,Sugarcane,1
26.9,43.0,12.8,428.9,30.3,25.9,Peas,0
18.9,22.3,8.7,290.4,33.1,71.4,Beans,1
38.0,23.9,18.7,191.1,47.4,23.2,Sunflower,0
9.0,13.5,27.9,392.6,43.6,68.6,Soybean,1
10.6,18.9,20.7,219.3,24.4,87.2,Peas,1
30.6,15.3,23.8,339.3,20.3,74.2,Potato,0
36.3,26.0,29.2,301.5,24.9,39.3,Cabbage,0
24.0,22.9,22.5,339.4,8.9,72.3,Onion,1
14.4,31.5,22.3,440.0,23.3,65.3,Rice,1
33.9,22.2,18.5,178.1,21.1,72.7,Sunflower,0
13.9,8.6,17.0,236.4,24.4,41.0,Cabbage,1
9.7,5.0,13.1,301.6,26.6,33.4,Onion,1
35.1,12.1,21.1,496.4,27.7,36.6,Onion,0
22.8,22.3,18.1,133.5,18.2,84.9,Potato,0
39.5,9.8,24.1,248.3,25.1,65.3,Beans,0
25.9,27.5,17.0,408.0,23.9,86.2,Onion,0
45.0,15.7,17.5,193.2,25.2,85.7,Carrot,0
16.3,10.8,12.6,249.0,33.8,78.2,Potato,1
26.8,19.8,20.7,270.0,33.0,46.7,Lettuce,0
22.0,1.0,18.8,332.9,31.5,58.7,Sunflower,1
42.5,17.1,16.3,435.6,26.3,35.2,Onion,0
41.7,33.8,19.5,258.2,37.5,42.1,Potato,0
30.5,5.7,10.4,275.5,12.9,86.7,Lettuce,0
40.4,12.7,12.5,379.0,35.4,61.5,Barley,0
37.8,25.1,19.9,209.2,28.6,29.3,Tomato,0
13.4,2.8,21.6,232.4,11.9,24.0,Maize,1
37.3,10.4,20.9,351.5,27.6,60.6,Rice,0
31.9,16.6,25.2,214.8,35.3,89.3,Maize,0
26.3,1.1,19.2,332.5,33.8,51.8,Sunflower,0
35.0,36.0,27.4,95.9,25.8,60.4,Tomato,0
34.1,41.6,15.2,313.3,40.8,53.3,Spinach,0
5.0,18.5,17.5,189.9,24.9,67.2,Spinach,1
5.0,40.6,26.8,292.8,27.0,47.6,Spinach,1
33.6,15.6,17.0,246.9,47.6,37.8,Spinach,0
38.6,17.4,17.5,305.5,28.5,46.1,Potato,0
44.2,18.2,20.2,234.6,16.4,47.3,Carrot,0
15.1,29.3,16.7,242.5,24.9,73.4,Spinach,1
15.2,45.6,26.9,298.2,16.1,72.9,Onion,1
9.0,30.0,24.4,50.0,24.3,27.7,Barley,1
21.1,33.3,22.0,250.0,23.5,34.8,Cabbage,1
22.7,21.3,19.5,183.9,22.2,55.7,Tomato,1
19.8,25.1,16.9,187.0,27.0,75.2,Cotton,0
24.0,17.8,14.7,275.8,16.6,30.4,Onion,1
21.2,17.9,26.4,429.5,22.7,89.5,Barley,1
18.7,11.4,23.5,279.5,21.9,37.4,Carrot,1
16.5,15.6,19.9,207.8,29.3,85.6,Wheat,1
31.3,11.3,19.9,445.7,29.2,33.4,Maize,0
34.7,20.8,15.7,220.3,18.3,27.5,Carrot,0
12.7,10.3,15.5,372.6,17.3,25.9,Peas,1
12.5,24.7,24.4,214.2,25.5,79.5,Wheat,1
28.2,19.7,22.6,266.4,27.2,47.7,Spinach,0
18.2,16.3,15.4,246.6,12.9,38.1,Spinach,1
30.5,16.4,25.4,352.1,26.3,34.8,Soybean,0
24.4,3.8,8.1,226.6,28.3,89.5,Cabbage,1
17.0,10.2,19.1,326.1,21.7,35.5,Peas,1
25.4,9.1,16.1,249.7,16.6,68.9,Corn,0
22.9,8.3,20.5,324.8,16.4,89.0,Spinach,1
25.7,30.6,11.6,219.4,16.6,81.9,Potato,0
14.0,30.7,23.0,368.6,13.7,52.2,Tomato,1
35.3,6.2,18.8,394.3,25.2,44.2,Tomato,0
17.5,19.8,23.2,509.6,21.3,27.2,Tomato,1
17.4,24.6,17.3,294.8,24.7,37.7,Cotton,1
21.6,22.6,21.9,286.3,21.1,39.1,Spinach,1
21.5,14.5,22.2,418.3,25.5,46.4,Beans,1
37.5,39.5,20.8,304.7,24.2,60.8,Maize,0
34.4,22.0,28.3,282.1,30.0,84.8,Carrot,0
33.0,17.6,19.1,423.9,18.7,63.8,Spinach,0
7.5,31.3,20.3,321.0,29.4,73.4,Rice,1
15.2,33.6,13.6,288.6,27.7,33.3,Spinach,1
23.3,12.5,13.3,430.8,29.4,85.3,Spinach,1
8.8,6.4,30.7,365.4,15.5,68.0,Tomato,1
10.6,21.0,27.8,326.4,26.3,33.7,Cotton,1
27.2,17.7,19.1,251.7,30.5,39.9,Cabbage,0
36.0,31.5,24.3,484.7,22.7,44.8,Maize,0
23.4,20.0,24.3,445.5,20.3,25.1,Sugarcane,1
23.1,41.7,27.2,132.8,28.1,78.2,Corn,0
25.0,28.9,25.4,227.2,22.6,60.2,Cabbage,0
28.1,16.6,15.6,169.1,28.3,44.4,Barley,0
11.1,18.2,15.6,303.3,25.2,37.1,Onion,1
42.9,4.6,19.6,308.8,24.7,50.2,Spinach,0
21.8,14.5,14.7,182.3,37.5,67.1,Potato,0
11.4,44.4,15.4,341.2,23.5,82.4,Wheat,1
26.8,24.9,21.6,293.8,26.3,75.9,Sunflower,0
31.7,15.9,17.1,404.6,17.0,64.1,Tomato,0
9.6,10.0,21.8,384.3,17.5,60.3,Tomato,1
25.3,16.2,19.4,348.9,28.5,68.6,Carrot,0
24.2,24.1,20.3,365.7,27.5,69.0,Barley,0
21.7,23.2,26.4,211.5,16.1,41.2,Spinach,1
30.0,7.7,22.0,122.8,27.7,42.6,Barley,0
25.6,18.3,27.3,171.5,36.0,71.0,Soybean,0
13.6,19.7,12.5,313.4,38.0,40.0,Peas,1
43.5,17.0,14.5,185.7,26.3,59.7,Peas,0
21.1,24.4,28.3,305.7,12.7,56.5,Rice,1
12.3,29.6,19.5,288.7,32.2,48.7,Spinach,1
28.3,12.7,25.5,331.1,27.5,66.7,Potato,0
21.4,21.8,3.1,255.0,31.1,31.9,Peas,1
21.1,21.9,18.8,306.6,15.8,78.0,Cotton,0
20.9,17.6,23.8,262.7,31.3,50.3,Sunflower,1
5.5,19.9,14.5,482.1,22.3,26.3,Corn,1
29.5,14.1,22.4,467.7,33.0,73.7,Lettuce,0
24.2,13.8,30.6,271.5,32.7,28.3,Onion,1
44.9,30.1,20.8,412.8,34.2,88.7,Onion,0
22.0,47.1,27.5,273.9,25.1,20.1,Onion,1
32.6,2.1,11.6,385.1,34.9,60.8,Rice,0
17.9,20.8,11.2,346.3,21.1,82.2,Sugarcane,1
21.8,24.8,19.3,211.2,17.3,55.9,Spinach,1
30.3,33.0,19.6,321.4,24.2,30.6,Lettuce,0
25.9,29.2,15.4,374.1,27.7,45.1,Carrot,0
21.7,20.0,10.3,177.9,22.7,45.1,Peas,1
25.6,39.5,28.3,326.3,18.6,86.5,Wheat,0
17.4,30.9,26.2,487.0,21.0,24.9,Sunflower,1
18.7,6.8,20.9,147.4,33.2,23.0,Peas,1
32.3,19.0,13.3,206.7,28.2,33.0,Beans,0
28.4,27.3,21.3,428.6,39.2,21.4,Soybean,0
27.0,31.9,17.7,288.1,28.4,78.9,Sugarcane,1
7.3,7.7,16.0,253.0,22.6,41.5,Peas,1
20.5,17.9,27.3,299.1,20.5,82.9,Rice,1
21.8,17.1,13.6,268.7,17.7,52.0,Spinach,1
21.7,25.3,12.2,261.2,24.6,22.8,Barley,1
31.2,31.2,21.4,297.9,28.3,69.5,Potato,0
28.1,28.1,20.2,334.1,27.6,67.1,Cotton,0
8.3,27.1,21.3,271.6,28.1,65.2,Cotton,1
29.2,28.6,23.7,330.2,35.5,20.7,Potato,0
32.9,20.5,16.5,288.9,26.2,22.0,Carrot,0
39.7,11.3,28.4,244.3,27.6,62.7,Beans,0
25.7,13.2,24.4,505.0,21.7,54.5,Spinach,0
18.0,11.4,20.5,277.3,30.2,70.4,Lettuce,1
12.1,32.5,16.2,120.4,26.9,44.4,Barley,1
22.5,20.1,14.2,193.0,28.6,80.2,Cotton,0
13.2,15.0,21.6,247.5,19.1,22.8,Lettuce,1
32.8,7.2,14.6,317.7,31.8,35.0,Spinach,0
25.6,13.7,29.7,315.3,23.1,81.7,Corn,0
14.3,17.2,20.2,227.3,23.8,48.4,Peas,1
19.3,23.1,16.5,242.1,15.0,37.1,Cotton,0
18.2,31.5,14.1,315.0,28.9,72.6,Potato,0
24.2,18.3,23.0,327.8,22.2,24.4,Sunflower,0
28.7,16.2,22.4,207.2,33.9,46.2,Maize,0
5.0,19.4,11.6,179.2,23.5,56.7,Potato,1
37.8,23.8,15.2,363.3,35.0,61.2,Sunflower,0
30.3,16.3,14.0,179.2,15.2,39.9,Potato,0
28.8,23.2,9.6,412.4,31.3,32.2,Rice,1
17.6,16.2,22.9,343.8,20.4,54.9,Corn,1
9.9,17.6,15.3,418.1,23.9,73.1,Spinach,1
14.2,14.7,26.6,187.9,21.0,47.1,Potato,1
9.0,20.5,23.5,258.4,32.4,43.5,Spinach,1
21.6,16.6,19.0,277.5,23.1,64.8,Tomato,1
23.2,23.5,13.8,323.7,21.7,89.6,Sugarcane,1
28.7,27.8,14.3,362.7,23.3,33.1,Soybean,0
15.4,15.2,16.7,275.9,21.5,73.8,Tomato,1
32.3,45.9,20.0,273.6,21.3,44.6,Spinach,0
30.6,13.3,13.0,296.0,37.3,82.2,Cabbage,0
24.1,29.9,9.6,320.0,32.1,28.4,Carrot,1
12.2,13.7,22.9,384.9,37.8,32.9,Rice,1
20.9,28.0,24.1,217.9,32.1,86.5,Sunflower,1
22.1,42.5,19.4,132.8,19.3,86.5,Cotton,0
39.5,10.5,26.3,291.0,34.4,35.2,Potato,0
36.3,24.3,22.5,342.3,8.9,29.6,Lettuce,0
20.4,14.9,21.5,275.6,29.3,25.7,Soybean,1
12.6,14.9,27.1,307.2,33.6,21.6,Beans,1
30.6,1.8,19.1,341.9,26.0,75.1,Wheat,0
21.7,15.6,22.3,355.5,33.7,33.5,Sunflower,1
15.7,10.1,21.4,176.5,10.5,44.7,Tomato,1
36.7,50.9,22.1,126.5,23.3,23.9,Wheat,0
25.7,13.6,21.7,109.1,34.2,26.7,Barley,0
9.2,23.1,19.1,325.2,33.9,56.4,Maize,1
45.0,35.2,14.3,323.9,32.9,56.6,Maize,0
18.8,18.4,15.4,423.6,14.7,84.8,Beans,1
23.3,10.3,30.9,117.5,19.1,56.9,Sugarcane,1
18.7,11.6,17.5,322.9,23.0,73.3,Lettuce,1
25.6,16.0,23.6,284.0,20.3,88.7,Cotton,0
5.0,4.6,19.6,367.5,25.5,48.7,Carrot,1
37.5,28.4,20.4,333.1,17.2,47.0,Onion,0
21.9,22.7,28.4,87.6,19.5,64.1,Lettuce,1
9.8,22.3,19.6,331.9,24.0,33.2,Barley,1
27.0,23.5,27.2,203.8,27.5,44.0,Wheat,0
22.2,25.5,16.1,370.7,35.5,77.1,Onion,1
24.9,10.1,18.6,495.2,25.6,64.1,Peas,1
24.1,27.5,14.0,388.3,38.0,55.9,Cotton,0
18.0,15.0,14.9,237.0,15.1,36.1,Corn,1
41.1,10.8,18.4,368.6,28.6,24.7,Spinach,0
11.4,27.9,18.5,522.0,25.3,34.7,Beans,1
36.4,22.9,22.9,132.9,28.0,71.2,Sunflower,0
17.7,21.6,21.4,409.1,18.9,21.5,Lettuce,1
6.9,6.8,24.3,374.1,22.7,85.2,Peas,1
25.6,23.5,13.3,55.7,16.9,82.3,Lettuce,0
27.3,25.3,15.5,292.9,25.5,31.2,Sunflower,0
17.4,13.3,19.2,190.7,20.7,65.6,Rice,1
28.9,1.9,22.0,127.5,28.5,42.8,Maize,0
22.9,27.8,14.2,310.6,8.7,67.2,Cabbage,1
18.0,21.2,22.2,145.0,19.0,57.5,Cabbage,1
16.9,26.8,19.1,367.3,27.0,78.3,Onion,1
24.1,36.1,18.4,274.8,17.8,89.9,Spinach,1
21.2,43.1,21.0,128.3,11.3,22.7,Peas,1
18.4,31.1,28.0,367.9,12.6,55.2,Sugarcane,1
40.1,21.5,23.1,300.8,15.1,80.4,Cabbage,0
42.3,5.1,20.0,303.4,20.9,23.0,Wheat,0
20.6,29.9,21.9,202.8,21.9,43.3,Maize,1
37.1,21.6,17.4,207.5,26.2,60.8,Barley,0
34.7,5.2,22.3,442.9,20.5,65.6,Corn,0
14.1,16.7,18.5,337.0,24.1,72.0,Corn,1
33.0,28.3,14.1,285.5,24.4,22.2,Corn,0
15.9,26.1,14.4,392.5,22.6,81.7,Peas,1
27.0,28.4,13.4,315.8,24.2,48.4,Cabbage,0
37.3,24.4,17.2,67.5,23.1,57.4,Barley,0
35.3,25.8,15.2,294.6,19.1,66.4,Barley,0
36.0,19.9,19.7,304.5,24.4,72.1,Barley,0
34.9,30.9,19.3,271.2,18.4,60.6,Barley,0
31.3,27.5,19.4,493.0,14.1,55.2,Beans,0
10.3,14.0,20.2,240.1,23.2,47.5,Lettuce,1
15.9,17.2,18.1,275.3,22.4,61.7,Tomato,1
27.8,3.7,26.4,322.1,20.2,54.2,Tomato,0
26.3,21.4,14.3,266.3,20.5,56.8,Cabbage,0
31.5,1.5,29.9,297.3,18.8,52.8,Sugarcane,0
30.7,15.0,23.6,330.9,26.1,59.8,Maize,0
18.9,18.5,15.1,178.9,19.9,65.0,Rice,1
36.4,19.0,13.7,215.2,17.5,77.4,Soybean,0
15.7,9.5,23.6,232.1,23.4,61.8,Maize,1
45.0,20.4,22.9,154.9,18.4,50.9,Soybean,0
13.0,11.3,26.0,293.0,16.4,72.6,Tomato,1
22.0,29.7,27.0,292.0,23.2,73.7,Sugarcane,1
21.0,7.7,21.1,317.6,10.6,39.4,Sugarcane,1
17.1,38.0,12.5,305.7,28.1,25.1,Peas,1
25.4,12.0,15.9,415.9,21.5,83.9,Barley,0
17.2,22.0,13.0,252.1,27.9,89.7,Sugarcane,1
14.2,9.8,20.6,283.2,27.8,81.5,Corn,1
36.3,21.2,18.9,265.0,33.2,85.7,Onion,0
22.4,19.6,22.4,73.8,35.7,56.8,Cabbage,1
24.0,10.5,25.9,112.1,22.4,89.6,Tomato,1
24.6,13.9,28.4,286.3,28.6,30.6,Maize,0
10.9,20.8,23.5,427.8,29.0,64.9,Corn,1
19.7,41.7,19.9,211.9,21.3,25.2,Cabbage,1
23.8,19.2,26.5,228.7,22.9,48.5,Barley,0
5.0,23.3,19.5,290.2,31.5,57.6,Sugarcane,1
20.0,0.0,19.9,307.7,15.6,82.6,Wheat,1
41.2,30.8,16.7,283.2,26.9,63.8,Soybean,0
19.9,29.3,9.8,364.1,9.9,43.5,Cabbage,1
17.5,11.5,22.5,375.9,18.7,61.0,Wheat,1
13.7,34.6,21.6,275.9,8.8,39.4,Sunflower,1
30.9,8.6,22.6,292.9,31.9,42.8,Maize,0
16.9,19.4,16.0,455.8,31.3,47.7,Potato,1
30.2,20.7,21.3,219.4,24.2,66.9,Tomato,0
23.0,27.2,22.6,441.8,23.7,42.3,Soybean,0
32.0,18.5,25.6,346.4,15.7,67.6,Sugarcane,0
29.4,30.2,13.0,113.0,33.8,84.6,Cabbage,0
35.3,28.7,20.9,353.7,31.5,22.3,Spinach,0
19.5,28.5,10.4,197.0,26.1,67.9,Spinach,1
39.1,22.1,19.0,384.3,17.8,39.9,Corn,0
35.9,11.7,25.0,314.8,33.8,72.7,Rice,0
13.9,15.7,7.5,162.8,16.1,68.0,Cabbage,1
16.3,18.8,14.5,338.8,26.8,83.8,Beans,1
19.2,22.4,20.3,455.8,30.3,51.2,Onion,1
31.8,0.0,29.5,271.2,38.8,78.1,Peas,0
32.2,22.5,19.5,575.9,22.8,31.6,Potato,0
36.1,19.3,13.7,318.3,21.3,40.6,Sunflower,0
36.3,33.1,12.1,222.3,25.9,65.7,Cabbage,0
16.5,20.2,21.7,467.9,14.5,63.0,Soybean,1
29.8,24.5,10.0,307.9,31.6,69.4,Maize,0
17.6,42.2,17.0,205.1,15.6,82.3,Lettuce,1
44.2,9.8,27.1,317.9,28.9,79.1,Cabbage,0
28.3,4.9,22.1,332.8,22.7,64.8,Beans,0
17.2,11.4,19.6,284.3,20.6,52.5,Lettuce,1
21.9,21.5,20.4,311.3,20.7,38.8,Beans,1
11.4,22.5,16.7,345.3,22.9,39.9,Rice,1
45.0,28.6,11.6,229.1,31.5,65.1,Sunflower,0
36.8,13.4,17.4,438.6,20.6,85.7,Maize,0
36.1,14.5,12.5,314.6,20.2,38.7,Soybean,0
31.3,18.5,19.1,272.2,26.2,82.7,Onion,0
20.3,15.7,14.2,540.3,33.9,72.6,Corn,1
31.0,18.0,24.0,396.2,27.9,88.9,Soybean,0
20.4,7.0,25.6,460.2,32.8,28.0,Wheat,1
37.7,16.1,16.5,489.0,31.7,52.4,Spinach,0
25.5,14.0,16.4,339.8,22.1,89.1,Soybean,0
45.0,20.3,21.9,111.0,7.1,50.0,Beans,0
24.8,27.9,19.6,422.5,17.5,63.7,Sugarcane,1
37.5,18.3,15.3,341.4,24.8,67.5,Rice,0
20.9,26.1,14.7,342.5,31.9,31.6,Onion,1
22.9,17.0,22.9,348.9,28.8,33.7,Sugarcane,1
20.4,19.0,23.0,348.0,20.4,22.9,Lettuce,1
19.2,14.8,25.7,113.8,23.7,61.8,Sugarcane,1
35.5,18.5,14.2,305.6,19.5,85.5,Beans,0
45.0,25.2,17.5,375.0,11.5,84.0,Potato,0
29.0,6.9,31.8,213.4,21.0,63.0,Spinach,0
17.0,25.4,15.2,215.5,25.5,40.0,Rice,1
29.6,27.7,19.6,537.4,19.5,48.6,Spinach,0
21.4,16.7,13.0,245.3,24.2,61.2,Spinach,1
38.4,12.2,16.5,284.1,39.3,47.5,Tomato,0
23.3,7.6,18.2,172.0,12.6,53.2,Tomato,1
11.7,12.5,16.1,421.3,9.7,69.9,Beans,1
10.7,30.3,25.9,195.9,27.6,78.6,Sugarcane,1
37.8,18.3,15.2,145.9,15.2,28.2,Corn,0
33.6,9.7,26.6,333.5,31.2,68.9,Spinach,0
29.7,8.7,24.7,514.8,19.4,26.8,Rice,1
11.5,24.8,21.3,225.5,22.7,36.3,Wheat,1
27.9,13.5,16.9,156.0,18.2,37.5,Sunflower,0
44.6,23.2,19.4,280.4,36.3,34.0,Spinach,0
34.6,23.0,14.7,380.9,34.8,77.5,Corn,0
40.3,0.0,12.0,258.2,22.7,23.7,Rice,0
32.1,22.9,24.7,401.3,31.1,39.4,Cabbage,0
22.8,23.5,26.9,277.9,21.8,40.8,Spinach,1
18.2,25.6,21.0,281.6,11.8,68.2,Sugarcane,1
24.9,29.0,20.7,370.6,24.9,82.4,Corn,0
23.1,24.7,17.8,286.9,37.7,74.1,Onion,1
31.4,45.2,26.8,50.0,23.6,37.7,Peas,0
29.6,18.2,14.2,94.4,20.1,23.3,Sugarcane,1
25.1,18.8,25.3,333.8,22.2,42.7,Onion,0
25.0,14.8,15.3,244.7,18.8,68.1,Soybean,0
31.5,15.4,15.1,503.5,35.9,54.0,Onion,0
18.0,4.7,23.5,332.4,16.0,38.5,Cotton,1
17.7,8.4,19.8,315.3,20.7,37.3,Beans,1
24.5,25.9,19.8,285.5,10.9,21.9,Wheat,0
33.7,22.6,15.8,258.4,25.9,40.3,Sunflower,0
6.9,24.5,19.8,293.4,15.7,29.4,Rice,1
24.8,19.2,21.5,475.0,29.5,72.0,Wheat,0
31.2,4.2,17.9,236.2,12.5,67.5,Corn,0
27.8,16.7,16.1,212.7,21.4,76.7,Carrot,0
45.0,7.9,20.4,231.6,27.8,38.6,Tomato,0
38.8,26.8,9.4,62.0,23.0,70.3,Lettuce,0
7.0,33.5,19.5,256.3,23.2,42.6,Maize,1
29.6,30.5,21.7,175.0,19.3,87.0,Rice,1
7.2,26.2,23.6,206.6,43.4,25.2,Carrot,1
45.0,22.7,15.9,395.0,26.3,72.6,Beans,0
20.2,19.7,16.4,295.5,6.3,23.1,Sugarcane,1
29.3,8.0,25.0,70.1,16.0,36.5,Onion,0
24.9,25.1,16.7,333.2,35.7,55.4,Potato,0
22.5,15.0,16.5,288.2,19.3,81.0,Rice,1
5.0,28.8,21.7,428.4,17.9,82.7,Spinach,1
22.5,16.4,24.7,365.1,26.7,30.6,Sugarcane,1
32.2,17.2,17.8,414.2,39.3,64.0,Sugarcane,0
5.6,19.0,19.1,349.0,25.6,81.3,Maize,1
32.2,0.0,14.6,480.1,22.9,28.8,Lettuce,0
32.6,12.5,17.8,485.5,23.7,62.9,Onion,0
27.5,22.1,10.1,347.7,20.7,40.1,Soybean,0
42.8,24.0,24.8,305.5,20.2,21.2,Corn,0
29.2,25.3,24.7,406.2,19.5,65.9,Tomato,0
25.9,18.2,22.5,199.2,18.8,78.1,Sugarcane,1
32.4,10.2,28.2,535.1,17.8,31.1,Peas,0
31.7,18.9,12.8,493.8,17.5,86.1,Peas,0
24.1,24.7,16.4,100.7,26.0,87.6,Onion,1
12.8,39.8,28.7,369.9,11.6,50.8,Beans,1
24.5,19.0,21.0,160.8,37.9,47.2,Cotton,0
40.1,24.7,25.5,256.4,13.4,76.1,Soybean,0
10.7,41.9,14.1,322.0,11.1,29.9,Tomato,1
21.0,14.0,18.2,411.0,21.9,44.3,Cotton,0
31.7,22.9,21.1,451.8,21.7,60.9,Potato,0
15.5,14.1,18.2,172.6,26.9,62.7,Sunflower,1
35.1,8.8,20.9,293.4,25.0,50.0,Soybean,0
15.5,21.0,17.7,301.4,16.5,86.6,Lettuce,1
21.3,29.5,21.0,96.6,17.2,70.0,Cotton,0
34.8,36.8,18.3,550.3,25.2,41.2,Sugarcane,0
14.0,15.8,17.8,385.2,11.8,48.2,Cotton,1
39.7,15.3,28.5,176.3,28.1,74.8,Peas,0
26.0,21.2,24.2,108.2,23.9,72.0,Tomato,0
27.7,6.9,20.6,159.6,32.3,75.4,Cotton,0
43.0,31.7,23.3,393.4,26.9,71.5,Cotton,0
22.2,11.6,14.2,328.2,23.5,55.2,Lettuce,1
36.4,9.5,18.2,274.3,20.2,75.8,Maize,0
43.6,12.7,17.0,50.0,25.7,71.0,Sunflower,0
19.3,25.5,26.3,243.8,33.8,69.3,Beans,1
23.4,24.9,14.3,319.7,25.9,65.3,Potato,0
12.3,6.8,8.9,381.8,31.6,44.2,Sugarcane,1
33.4,36.4,18.9,478.5,17.9,55.5,Peas,0
25.2,25.8,11.0,400.1,21.7,38.2,Corn,0
35.2,33.0,16.3,285.3,29.3,81.0,Lettuce,0
18.5,19.0,27.4,350.9,12.0,26.2,Spinach,1
7.3,22.2,20.7,259.2,12.9,28.5,Wheat,1
42.4,48.4,18.6,335.3,25.8,44.2,Lettuce,0
22.4,11.7,14.6,186.4,28.2,48.9,Rice,1
7.5,6.3,13.7,196.0,25.7,45.5,Sugarcane,1
36.0,17.0,23.3,431.5,32.7,74.5,Peas,0
45.0,20.8,27.4,243.3,25.0,48.7,Wheat,0
31.5,8.6,24.5,179.7,41.9,61.8,Sugarcane,0
30.5,24.6,31.3,186.9,30.7,70.8,Potato,0
25.5,5.4,16.9,347.9,18.2,26.5,Cotton,0
24.1,12.6,17.7,200.0,21.6,62.7,Carrot,1
36.7,12.4,22.4,322.2,30.2,39.0,Sugarcane,0
29.1,15.0,11.1,431.0,32.1,81.2,Corn,0
20.8,25.3,16.2,227.9,15.4,59.7,Tomato,1
36.7,15.5,16.0,118.8,7.6,75.3,Beans,0
32.3,34.2,16.4,301.6,15.4,34.9,Barley,0
21.4,8.6,16.8,271.1,9.9,28.6,Tomato,1
17.1,0.0,19.4,441.2,23.9,52.2,Onion,1
26.0,29.0,20.6,376.2,25.7,60.3,Carrot,0
17.5,18.2,31.7,313.4,33.5,53.7,Sugarcane,1
21.8,4.4,14.2,207.5,28.8,56.6,Tomato,1
24.0,13.0,21.6,154.8,33.3,31.3,Spinach,1
22.0,20.5,19.9,345.7,12.6,49.7,Peas,1
9.4,22.8,27.9,323.9,42.3,89.4,Soybean,1
27.7,0.0,22.6,324.2,22.3,48.2,Cotton,0
26.8,24.6,25.8,306.6,38.4,83.2,Barley,0
28.3,21.9,19.4,251.3,20.7,41.2,Onion,0
20.7,39.2,20.2,500.0,29.1,77.3,Cotton,0
24.2,10.8,25.7,279.4,36.8,86.6,Wheat,0
38.2,12.0,29.7,254.9,26.2,32.6,Sugarcane,0
40.6,13.2,20.5,303.9,27.1,62.1,Wheat,0
10.5,18.7,13.2,291.9,33.0,49.0,Carrot,1
25.9,14.2,14.9,247.0,22.3,86.5,Lettuce,0
23.7,13.5,17.7,410.5,11.4,29.9,Carrot,1
20.8,27.4,12.4,272.2,24.0,86.8,Peas,1
24.6,15.5,21.8,333.0,27.3,70.1,Sugarcane,1
38.6,36.9,18.2,345.6,20.6,82.4,Soybean,0
17.8,26.1,19.3,303.4,33.7,59.6,Cabbage,1
35.4,0.0,22.0,409.8,26.2,63.3,Sugarcane,0
41.6,22.9,22.7,402.5,10.8,41.8,Maize,0
25.7,35.0,19.9,436.8,28.0,58.6,Onion,0
21.2,16.6,22.8,219.0,16.8,60.4,Sunflower,1
39.5,7.6,14.9,320.9,19.3,33.7,Cabbage,0
13.1,16.1,23.4,207.1,19.7,53.3,Maize,1
40.8,25.1,20.4,333.7,38.6,43.0,Corn,0
23.7,6.6,25.7,291.9,31.2,38.6,Lettuce,1
33.5,24.7,13.8,233.2,30.5,32.8,Wheat,0
27.1,34.2,19.4,63.3,25.9,68.8,Rice,1
32.5,6.8,35.5,302.9,26.1,56.2,Lettuce,0
37.6,13.9,23.7,436.8,19.3,54.3,Barley,0
14.6,39.2,20.2,394.5,19.2,84.5,Carrot,1
25.1,0.2,15.9,221.0,34.1,75.1,Onion,0
28.8,35.4,26.6,386.5,7.7,65.4,Soybean,0
34.2,24.7,19.6,131.8,15.2,69.3,Soybean,0
11.0,10.9,14.3,334.1,34.1,56.0,Barley,1
26.5,10.0,26.3,309.3,32.3,69.0,Sugarcane,1
23.4,41.8,26.3,314.0,16.8,58.6,Peas,1
20.1,31.6,25.6,276.0,31.1,60.9,Rice,1
33.0,0.0,29.3,306.5,18.1,75.2,Peas,0
23.0,11.7,20.1,257.1,25.6,27.5,Maize,0
22.4,24.9,21.0,330.1,22.5,61.7,Sugarcane,1
29.0,13.7,15.0,229.4,23.3,73.8,Cotton,0
25.8,30.1,19.6,318.1,39.9,78.2,Tomato,0
20.6,10.4,26.6,276.3,18.3,81.6,Onion,1
34.1,17.5,29.1,308.1,25.6,24.9,Maize,0
19.1,20.7,25.9,223.4,26.8,50.3,Sunflower,1
29.7,21.8,27.6,343.8,17.5,65.8,Spinach,0
15.1,25.6,13.2,276.0,25.1,78.1,Sunflower,1
42.9,34.2,25.3,336.1,21.5,61.0,Barley,0
14.2,33.7,14.6,290.5,27.6,24.4,Carrot,1
20.4,20.7,16.8,302.2,19.4,63.4,Sunflower,1
31.1,25.1,16.4,246.1,38.1,84.7,Barley,0
18.6,14.9,15.1,253.5,32.9,53.4,Corn,1
16.3,11.7,15.7,304.3,33.5,71.0,Potato,1
31.3,19.2,21.9,249.1,34.3,62.0,Sugarcane,0
29.3,23.8,21.4,320.6,39.6,39.1,Cabbage,0
20.7,15.1,26.9,355.9,31.6,77.9,Maize,1
37.3,10.0,23.6,429.8,39.1,87.9,Lettuce,0
31.2,29.6,13.7,372.9,34.1,44.8,Corn,0
31.1,15.4,23.9,358.3,22.4,87.7,Maize,0
29.3,29.7,19.4,331.6,27.5,57.6,Sunflower,0
10.8,18.7,24.9,96.2,16.5,85.3,Rice,1
15.9,22.6,16.9,272.3,33.2,40.0,Barley,1
34.1,12.8,23.0,226.2,22.5,62.2,Peas,0
13.2,24.1,26.2,317.2,32.0,74.9,Sugarcane,1
19.8,22.9,33.1,150.9,26.0,70.3,Peas,1
15.8,25.6,18.9,264.4,32.3,31.3,Sugarcane,1
11.7,15.1,34.6,485.0,10.5,21.6,Onion,1
21.1,22.0,23.5,189.3,27.1,58.2,Soybean,1
38.2,23.8,21.8,214.6,35.5,77.5,Onion,0
28.5,22.0,30.6,237.5,36.5,75.6,Corn,0
28.5,33.2,20.5,131.1,20.1,57.2,Onion,0
16.7,27.6,18.9,292.0,27.2,64.3,Tomato,1
27.7,26.6,12.9,245.0,24.6,22.4,Barley,0
30.3,27.1,14.6,491.7,27.2,47.9,Maize,0
32.3,15.1,16.2,220.0,30.8,89.6,Soybean,0
13.8,22.3,15.6,128.3,29.7,35.6,Rice,1
31.7,20.8,23.0,395.2,30.0,70.5,Sunflower,0
26.0,25.0,25.0,339.0,34.6,36.4,Rice,1
33.7,2.3,23.2,446.4,18.4,45.7,Rice,0
28.9,31.2,14.6,403.8,41.8,61.2,Carrot,0
32.6,22.6,13.8,422.7,19.9,58.2,Soybean,0
19.4,36.6,25.4,222.7,20.4,41.4,Soybean,1
45.0,18.2,22.1,236.9,18.4,43.1,Rice,0
19.0,0.0,18.5,191.2,25.6,26.9,Peas,1
15.5,36.7,22.5,116.0,14.9,26.9,Beans,1
39.4,5.1,19.3,403.1,22.6,29.6,Sunflower,0
15.9,11.8,23.9,145.2,22.3,38.4,Sunflower,1
33.0,20.7,21.9,307.8,26.6,75.9,Lettuce,0
14.2,17.9,24.2,336.9,27.6,69.2,Cabbage,1
32.0,31.6,17.7,164.5,25.6,41.9,Wheat,0
16.8,44.9,20.7,336.2,15.2,49.9,Sunflower,1
42.5,20.5,17.0,236.1,14.1,53.7,Sunflower,0
40.2,34.2,16.9,383.3,23.1,32.4,Cabbage,0
23.1,14.8,25.7,328.8,10.6,25.6,Sunflower,0
37.2,36.8,20.5,270.7,21.8,46.6,Spinach,0
15.9,11.2,5.0,198.6,23.6,89.1,Lettuce,1
5.0,33.4,18.8,347.3,22.5,59.3,Tomato,1
26.7,22.0,27.2,358.0,37.5,24.3,Cotton,0
5.0,3.9,23.8,379.9,22.6,47.7,Lettuce,1
38.8,24.8,36.5,508.1,24.9,62.6,Cotton,0
42.9,11.2,21.4,349.4,27.9,86.1,Corn,0
33.6,13.0,24.6,208.6,15.9,83.4,Wheat,0
28.8,28.9,15.8,244.9,19.4,21.2,Lettuce,0
34.1,30.9,16.7,380.4,40.7,50.8,Onion,0
18.1,17.2,34.0,190.5,28.9,57.8,Potato,0
6.2,0.0,20.5,311.8,36.4,23.0,Spinach,1
33.5,20.2,19.9,354.9,20.4,87.7,Soybean,0
16.0,28.4,25.6,254.7,13.9,28.2,Maize,1
37.3,28.1,15.3,222.0,30.7,55.1,Beans,0
17.3,27.0,17.2,353.8,17.6,60.8,Sunflower,1
37.3,22.8,21.9,327.2,24.6,46.6,Maize,0
35.2,28.2,23.5,411.7,24.3,27.7,Tomato,0
6.3,12.7,13.8,252.3,20.2,25.4,Spinach,1
15.0,0.0,15.4,336.9,17.8,55.3,Rice,1
36.4,23.8,19.0,50.0,21.0,62.4,Maize,0
31.4,23.1,17.9,245.6,8.8,49.6,Peas,0
26.4,33.4,18.1,371.9,25.6,33.7,Wheat,0
14.6,16.7,22.9,166.8,24.5,62.7,Onion,1
17.5,19.2,21.1,269.3,19.8,82.0,Barley,1
33.2,17.1,15.9,344.1,32.3,69.0,Barley,0
27.1,10.6,10.5,224.8,23.4,29.8,Maize,0
26.1,2.6,32.2,253.2,31.0,36.8,Sugarcane,1
24.6,23.4,21.9,336.5,15.1,60.8,Beans,1
16.0,25.3,16.4,283.2,40.8,85.9,Cabbage,1
30.3,13.1,19.5,269.9,16.8,69.0,Cotton,0
36.5,16.9,21.1,168.2,29.0,81.9,Beans,0
27.7,26.8,24.6,365.2,14.7,65.0,Beans,0
23.5,24.8,27.6,310.2,26.2,51.9,Tomato,1
25.2,8.4,12.7,333.0,41.0,46.7,Peas,0
23.5,22.6,15.1,258.6,25.9,64.9,Carrot,1
25.5,11.4,20.6,367.4,37.1,66.3,Soybean,0
30.9,30.0,20.7,243.9,17.7,71.0,Potato,0
23.8,20.1,28.8,218.4,22.8,71.3,Wheat,0
33.3,7.2,9.9,386.6,14.3,75.6,Cotton,0
33.3,45.8,19.7,412.1,21.1,77.0,Carrot,0
16.7,23.5,18.0,300.6,19.4,53.3,Corn,1
23.2,38.5,25.6,437.2,18.8,54.6,Lettuce,1
16.4,34.2,28.1,104.9,25.7,86.4,Soybean,1
21.0,0.0,12.8,377.5,41.2,64.4,Rice,1
23.5,7.4,11.9,402.2,16.2,51.7,Cotton,0
25.3,19.5,13.5,244.0,31.5,56.6,Maize,0
17.2,6.6,24.9,203.9,21.6,60.1,Spinach,1
19.3,18.3,16.5,273.5,27.4,80.3,Onion,1
39.7,49.6,18.3,304.8,33.1,28.1,Peas,0
35.1,33.3,11.2,268.4,28.3,54.0,Spinach,0
40.5,20.4,16.7,336.0,28.3,31.0,Corn,0
25.8,6.5,20.2,329.0,35.6,89.9,Sunflower,0
30.6,31.7,21.5,339.1,22.9,74.2,Rice,0
16.3,22.7,14.3,174.6,28.4,33.8,Tomato,1
31.3,24.1,10.9,331.3,14.4,42.9,Sunflower,0
12.4,15.7,18.7,333.1,21.7,50.5,Barley,1
26.9,21.1,18.9,278.9,42.9,53.6,Cotton,0
33.1,21.0,19.2,131.3,16.5,55.6,Cabbage,0
38.5,23.1,26.2,355.6,17.4,23.7,Tomato,0
31.1,14.1,18.1,437.1,19.0,40.6,Potato,0
14.1,9.3,7.4,256.5,36.3,20.8,Cotton,1
10.6,31.2,22.5,408.7,11.3,31.9,Sugarcane,1
37.2,16.2,24.2,353.6,18.1,88.0,Tomato,0
19.1,17.2,20.8,114.7,39.1,21.2,Rice,1
27.9,11.6,15.9,206.1,24.4,47.4,Lettuce,0
34.4,41.5,15.0,408.4,19.2,88.0,Tomato,0
16.0,23.1,30.8,287.9,16.4,31.3,Soybean,1
27.4,25.8,18.2,369.1,13.1,28.6,Soybean,0
45.0,13.3,17.1,379.5,41.9,58.6,Peas,0
26.8,14.8,22.4,164.1,13.2,72.0,Corn,0
11.3,16.8,12.7,329.0,26.8,47.4,Tomato,1
10.8,19.2,21.2,83.9,21.6,44.9,Onion,1
17.6,42.8,29.1,346.8,34.1,86.0,Spinach,1
5.0,25.7,15.4,318.8,32.6,64.8,Carrot,1
19.7,18.9,24.8,207.8,13.1,38.4,Soybean,1
29.4,24.3,17.3,373.6,30.3,84.5,Cotton,0
20.3,10.4,20.3,309.9,20.1,63.1,Barley,1
22.4,9.8,21.8,231.5,27.5,81.0,Cabbage,1
19.2,18.5,24.0,276.4,24.8,85.2,Cabbage,1
20.9,7.3,19.3,305.0,23.3,84.5,Wheat,1
34.4,9.0,23.1,50.0,19.1,42.7,Rice,0
33.6,30.6,18.4,311.0,38.1,60.0,Peas,0
29.4,25.2,17.7,508.6,14.6,63.3,Onion,0
39.6,24.4,21.4,387.7,30.0,89.4,Rice,0
33.8,12.0,16.2,305.5,31.9,72.9,Wheat,0
22.1,11.2,16.4,298.8,19.8,52.8,Maize,0
11.2,0.6,17.2,318.3,27.3,33.9,Potato,1
42.0,31.2,24.0,323.4,20.0,29.5,Spinach,0
18.9,17.3,27.6,136.1,36.4,71.9,Rice,1
15.8,33.5,23.2,393.7,33.8,77.5,Cotton,1
18.0,0.0,23.3,337.5,18.0,85.2,Tomato,1
12.4,18.7,7.4,308.8,43.6,57.6,Soybean,1
28.5,17.3,25.0,306.6,21.3,53.3,Spinach,0
23.2,11.7,15.4,478.5,31.4,63.7,Maize,0
39.6,29.2,23.8,239.8,24.6,69.1,Sugarcane,0
31.4,25.8,30.0,286.4,33.1,24.3,Onion,0
22.5,13.8,20.7,383.6,17.2,78.8,Tomato,1
24.5,38.6,22.9,260.0,20.5,33.5,Tomato,1
17.4,26.5,26.0,433.4,27.7,46.6,Beans,1
35.8,8.3,26.0,496.6,22.2,83.8,Carrot,0
22.5,26.8,17.2,436.4,33.6,89.2,Corn,0
21.5,14.7,20.2,193.3,26.9,22.9,Potato,0
16.4,22.7,16.2,126.7,25.2,26.0,Beans,1
12.6,19.2,24.3,248.6,34.2,80.1,Spinach,1
26.5,12.3,19.7,329.4,13.8,62.8,Potato,0
25.8,19.6,29.0,105.5,13.2,55.3,Cotton,0
30.4,23.6,18.6,340.7,22.6,41.7,Tomato,0
32.4,19.9,26.3,373.1,42.8,69.7,Sugarcane,0
39.6,31.8,22.5,329.0,15.3,42.3,Lettuce,0
22.5,30.6,16.5,419.6,32.1,76.8,Peas,1
36.1,33.9,26.5,124.0,39.4,59.7,Cotton,0
18.6,25.1,22.8,266.8,26.5,75.8,Rice,1
18.3,10.8,16.7,349.9,23.2,66.9,Lettuce,1
32.1,42.3,17.4,191.3,23.3,87.9,Wheat,0
24.0,10.1,13.8,435.6,29.0,45.4,Sugarcane,1
20.2,34.5,21.3,215.2,20.3,23.8,Corn,1
13.9,32.0,17.3,313.8,27.4,45.8,Tomato,1
19.1,17.4,21.4,473.8,24.2,74.2,Lettuce,1
31.7,13.7,14.5,388.8,22.4,89.6,Cotton,0
33.4,25.6,16.8,219.0,34.6,24.5,Potato,0
19.6,28.0,24.1,341.2,3.7,70.4,Potato,0
17.2,19.9,20.5,288.7,14.5,36.5,Sunflower,1
16.1,20.3,15.0,341.4,39.4,74.8,Tomato,1
13.0,20.7,16.5,192.9,31.4,71.8,Barley,1
24.5,11.3,20.8,413.2,23.7,84.5,Soybean,0
26.5,24.7,24.9,344.6,19.9,64.5,Tomato,0
22.4,18.4,25.0,308.9,38.7,40.9,Rice,1
26.1,19.0,25.7,252.3,20.1,68.5,Beans,0
18.4,13.9,22.6,332.3,23.6,42.0,Lettuce,1
23.9,36.4,21.6,276.8,23.6,72.6,Lettuce,1
30.8,26.8,25.9,301.7,31.4,86.9,Spinach,0
32.2,4.0,17.9,282.7,21.2,52.2,Corn,0
15.0,23.6,13.9,301.4,13.5,27.4,Corn,1
38.3,23.1,17.7,223.5,28.8,24.1,Carrot,0
34.0,34.0,28.7,395.8,21.0,35.3,Peas,0
26.7,0.0,23.2,314.9,37.8,20.9,Corn,0
5.2,19.9,20.4,381.4,20.8,22.8,Cotton,1
27.4,5.1,13.7,332.6,35.9,89.0,Spinach,0
27.0,31.3,13.3,403.7,19.4,80.0,Lettuce,0
22.8,19.2,20.6,352.8,31.7,87.4,Maize,0
33.5,35.1,18.4,348.0,18.0,70.9,Peas,0
23.6,15.0,22.2,363.5,49.9,27.0,Beans,1
38.2,3.9,27.5,274.6,15.8,88.3,Spinach,0
22.5,17.5,22.9,301.3,32.5,42.2,Lettuce,1
38.0,24.4,18.8,314.6,25.7,86.4,Carrot,0
27.0,9.1,20.0,346.5,34.7,29.5,Beans,0
27.9,33.1,18.6,216.1,25.9,79.0,Spinach,0
8.8,32.9,23.3,436.4,13.5,52.8,Rice,1
28.3,25.1,9.3,510.0,20.4,74.2,Sugarcane,1
15.7,7.9,24.2,312.5,13.5,24.6,Onion,1
28.9,12.1,27.0,223.8,38.8,73.9,Tomato,0
12.3,24.6,15.4,300.1,12.2,76.0,Onion,1
39.4,11.7,13.1,245.7,20.5,43.2,Beans,0
22.9,31.2,21.5,353.5,33.5,77.1,Sugarcane,1
45.0,22.3,10.1,248.0,25.8,31.2,Wheat,0
43.5,26.3,18.6,327.8,12.6,69.5,Spinach,0
26.8,24.8,17.0,227.5,21.6,44.5,Peas,0
27.4,37.0,24.2,216.2,27.5,46.2,Wheat,0
29.2,23.9,14.0,131.6,25.5,80.7,Potato,0
35.0,24.2,16.6,349.6,18.3,68.5,Onion,0
20.9,12.0,25.9,194.9,19.5,70.3,Carrot,1
30.8,12.5,23.0,253.4,20.2,45.6,Lettuce,0
5.6,25.3,19.8,293.3,19.3,30.1,Sunflower,1
34.1,22.8,16.1,409.7,13.4,78.4,Maize,0
39.6,2.5,27.8,343.7,15.3,37.9,Sunflower,0
34.2,1.2,22.1,280.9,25.6,53.9,Spinach,0
19.6,23.2,22.1,322.7,33.6,70.0,Lettuce,1
16.3,28.5,24.2,512.9,26.9,55.8,Carrot,1
24.4,34.1,25.6,260.1,11.8,55.5,Soybean,0
24.4,23.8,21.7,366.5,17.6,71.2,Sunflower,0
30.4,32.6,22.4,363.2,28.8,33.4,Corn,0
26.0,9.5,20.4,525.9,31.5,89.8,Maize,0
29.9,23.8,18.3,366.2,14.9,73.4,Corn,0
34.1,16.5,27.7,343.9,30.2,46.4,Carrot,0
34.4,11.2,22.1,355.7,12.6,72.2,Cabbage,0
28.2,28.7,22.2,95.9,28.6,73.9,Onion,0
29.2,18.7,18.0,203.8,34.5,51.1,Potato,0
17.6,20.2,12.4,366.7,26.4,55.0,Tomato,1
37.3,26.2,28.1,280.4,26.0,41.7,Spinach,0
27.2,39.0,17.3,195.8,24.2,24.1,Corn,0
17.7,15.9,16.4,368.4,19.1,61.1,Beans,1
16.0,15.9,12.4,376.9,22.3,75.1,Carrot,1
37.7,9.8,21.5,412.1,30.6,60.0,Rice,0
33.0,30.9,19.3,253.8,17.4,22.0,Onion,0
38.0,17.8,16.4,375.0,22.3,81.8,Soybean,0
14.3,11.3,20.5,192.8,24.3,25.6,Peas,1
16.4,10.5,17.6,315.9,27.6,71.1,Maize,1
34.2,24.5,25.9,298.6,18.7,26.0,Corn,0
20.7,2.8,21.5,367.5,37.0,78.0,Potato,0
33.6,20.3,16.2,413.3,16.8,70.6,Cabbage,0
13.1,28.3,17.7,238.2,20.9,20.6,Lettuce,1
13.8,20.6,20.1,83.0,17.7,74.8,Carrot,1
15.3,28.5,20.3,365.0,24.3,87.6,Cotton,1
20.7,12.5,22.9,372.2,19.8,26.5,Potato,0
19.5,22.7,17.5,275.6,13.3,78.6,Tomato,1
36.3,32.9,15.9,264.2,9.8,54.9,Onion,0
35.4,7.6,25.0,485.8,24.5,44.9,Peas,0
14.9,19.6,24.1,296.4,22.7,77.4,Beans,1
19.3,27.2,29.5,215.2,28.9,68.3,Sugarcane,1
17.9,11.7,19.4,362.1,22.6,60.2,Carrot,1
38.0,12.1,17.6,299.4,14.3,84.5,Potato,0
42.7,4.3,16.0,330.9,26.7,73.4,Spinach,0
33.1,20.1,22.7,183.8,16.9,36.7,Maize,0
29.3,9.1,24.3,284.4,32.1,77.0,Rice,1
21.7,28.1,22.2,377.8,19.0,35.9,Beans,1
35.8,5.7,34.1,134.6,25.1,68.0,Cotton,0
33.5,16.8,26.8,391.3,26.7,28.6,Corn,0
27.4,32.4,26.6,211.6,23.8,47.3,Cotton,0
30.9,29.5,21.5,335.3,32.8,47.4,Beans,0
29.1,21.1,19.1,469.9,21.7,67.8,Peas,0
29.4,8.9,13.3,388.4,21.3,37.2,Sunflower,0
45.0,21.9,24.5,280.9,29.3,67.4,Spinach,0
15.4,23.1,23.8,309.9,15.1,48.0,Sugarcane,1
13.1,12.4,26.7,369.9,20.9,62.5,Sugarcane,1
21.0,6.9,11.5,215.3,26.6,67.2,Peas,1
24.9,11.8,16.3,307.2,42.2,22.1,Peas,1
27.1,41.4,24.4,173.8,36.3,67.8,Sugarcane,1
15.6,39.1,15.3,458.6,25.3,35.1,Spinach,1
32.4,18.1,29.3,326.5,21.4,31.9,Beans,0
30.9,16.1,21.6,339.8,13.6,38.5,Barley,0
28.4,21.2,15.4,128.9,22.0,84.8,Sugarcane,1
39.8,21.8,19.7,152.7,21.7,32.4,Barley,0
32.6,0.0,12.4,170.1,11.0,32.6,Sunflower,0
22.2,25.6,22.5,391.4,28.8,70.4,Rice,1
24.0,27.5,23.4,171.4,36.8,41.3,Potato,0
10.8,26.0,29.3,278.7,22.9,40.3,Lettuce,1
45.0,30.2,15.0,417.3,27.0,67.1,Cabbage,0
43.9,10.9,14.8,267.6,22.9,36.3,Beans,0
45.0,2.1,21.1,271.5,19.8,75.4,Potato,0
23.2,26.6,24.9,388.8,17.6,70.2,Onion,1
18.3,20.3,21.8,478.0,20.7,83.2,Cotton,0
32.7,34.2,23.0,250.3,40.1,56.7,Maize,0
7.8,23.1,17.4,202.0,14.9,21.6,Onion,1
26.6,23.6,22.1,232.9,25.3,58.6,Sugarcane,1
32.5,33.0,20.2,133.8,35.4,31.1,Rice,0
10.3,18.8,18.0,344.2,29.7,35.5,Barley,1
5.0,40.9,22.8,223.3,16.0,43.2,Maize,1
20.0,17.0,24.8,350.6,30.8,75.5,Rice,1
25.3,16.4,26.2,346.6,11.5,52.4,Peas,0
16.3,29.6,19.2,280.9,24.4,65.5,Rice,1
22.2,17.4,26.0,369.5,27.1,23.1,Potato,0
25.0,3.0,11.2,90.3,13.7,42.9,Onion,1
27.9,7.3,15.4,116.8,19.7,88.6,Barley,0
32.2,20.0,13.6,259.1,26.8,64.4,Maize,0
33.8,9.1,12.5,124.8,31.5,45.3,Soybean,0
10.6,36.7,17.8,260.6,25.5,77.8,Sunflower,1
30.4,19.7,18.3,292.5,25.2,25.3,Soybean,0
22.0,18.8,18.8,416.3,32.0,37.0,Carrot,1
25.1,24.9,25.2,487.9,34.7,65.1,Peas,0
24.4,25.3,20.6,184.4,22.5,57.4,Spinach,1
29.3,6.3,22.8,233.5,19.0,84.4,Maize,0
15.2,13.9,18.7,392.0,33.5,43.8,Cotton,1
19.4,26.3,19.5,291.1,12.0,55.8,Wheat,1
22.7,24.2,27.1,399.9,17.7,61.2,Beans,1
25.9,22.1,14.2,183.9,25.5,77.3,Onion,0
25.8,33.5,22.3,232.3,34.7,46.0,Peas,0
31.8,7.8,18.8,140.2,14.4,81.3,Sunflower,0
24.1,16.0,23.1,299.0,29.6,57.1,Soybean,0
5.0,15.5,19.9,280.4,36.7,85.7,Corn,1
13.8,21.2,22.8,258.6,20.0,45.5,Carrot,1
25.4,30.2,14.1,328.3,19.4,50.2,Wheat,0
17.6,21.3,20.5,76.6,24.1,76.5,Sunflower,1
23.8,16.4,23.6,479.2,25.7,43.5,Wheat,0
23.2,30.5,21.7,360.9,22.2,47.9,Sunflower,0
16.5,18.0,13.6,187.0,22.0,28.7,Carrot,1
33.6,15.8,18.1,196.0,27.0,65.9,Beans,0
19.3,29.7,12.8,245.8,39.5,31.6,Spinach,1
15.6,4.4,13.7,338.9,39.0,38.8,Lettuce,1
36.6,31.5,23.3,187.1,27.5,48.9,Maize,0
31.7,23.7,31.8,376.5,30.9,87.2,Lettuce,0
18.7,8.5,5.3,497.3,18.3,35.3,Lettuce,1
34.6,10.8,20.8,345.0,15.1,49.4,Lettuce,0
41.9,14.5,22.0,238.7,28.2,23.1,Lettuce,0
34.4,15.7,21.0,219.6,34.7,44.6,Lettuce,0
7.9,18.5,19.8,186.9,22.4,70.4,Maize,1
29.0,35.1,18.8,327.2,14.3,25.2,Beans,0
32.4,10.7,28.3,293.5,18.0,71.5,Potato,0
25.3,21.6,24.4,381.6,31.6,30.9,Spinach,0
39.6,43.7,23.7,248.6,15.7,34.4,Onion,0
27.4,38.4,22.1,275.1,31.7,68.3,Barley,0
24.6,18.3,16.4,353.7,12.6,75.8,Corn,0
32.8,18.4,13.8,236.3,32.3,55.9,Potato,0
11.5,17.8,20.6,378.6,31.5,89.9,Cabbage,1
38.6,0.0,21.1,171.6,28.0,29.3,Barley,0
21.1,27.8,16.8,269.0,22.5,60.1,Wheat,1
34.0,9.0,21.3,283.6,9.9,68.4,Barley,0
9.3,33.3,15.5,444.5,21.3,46.1,Sunflower,1
36.0,30.2,19.9,153.7,29.1,59.8,Cotton,0
14.8,13.5,15.5,337.8,17.1,20.2,Onion,1
12.7,16.3,20.1,369.4,13.6,84.6,Rice,1
35.4,15.0,20.5,302.8,25.6,22.5,Spinach,0
24.8,16.5,29.7,412.2,12.7,88.4,Beans,1
28.9,7.9,21.8,417.0,27.1,47.2,Beans,0
45.0,21.9,12.8,294.8,10.6,50.6,Sugarcane,0
26.9,19.3,17.4,233.1,36.4,71.2,Cabbage,0
23.3,0.0,14.0,638.5,24.7,68.4,Potato,0
12.3,2.1,23.2,78.0,32.8,68.7,Potato,1
23.8,23.6,20.5,328.2,25.4,49.2,Soybean,0
14.9,5.5,16.3,120.1,35.3,40.7,Lettuce,1
13.4,9.1,12.6,215.6,23.2,73.3,Soybean,1
22.4,26.1,26.2,272.2,27.1,36.9,Sunflower,0
22.5,26.2,21.4,204.0,42.7,60.1,Cabbage,1
15.4,25.8,30.0,377.6,24.1,74.3,Onion,1
34.3,10.5,38.9,314.9,20.1,76.6,Wheat,0
33.8,5.2,17.2,237.9,25.5,55.5,Corn,0
24.0,0.0,23.9,310.4,35.0,22.1,Potato,0
27.1,15.4,12.1,260.5,18.7,80.1,Cotton,0
28.7,31.4,17.4,50.0,24.7,85.7,Beans,0
15.2,35.7,22.5,318.6,26.1,36.4,Wheat,1
11.4,23.3,11.4,304.0,15.1,47.1,Corn,1
39.6,23.7,22.2,377.0,18.0,36.9,Sunflower,0
9.2,15.8,18.3,383.1,10.6,62.2,Sunflower,1
34.9,29.1,15.8,435.5,41.3,63.4,Lettuce,0
31.1,31.8,19.2,185.1,28.5,34.8,Cabbage,0
23.7,38.5,20.3,310.6,31.5,37.3,Maize,0
25.0,8.8,15.4,266.3,25.9,76.1,Peas,0
28.3,14.9,23.9,160.2,23.0,35.2,Onion,0
30.6,24.4,16.7,135.9,16.5,33.5,Corn,0
21.4,17.9,17.7,274.3,2.1,32.2,Corn,1
28.9,7.8,13.2,459.1,29.3,24.4,Sugarcane,1
34.4,22.2,26.0,263.1,31.7,83.0,Tomato,0
18.9,20.6,15.2,132.7,29.5,89.4,Peas,1
22.5,32.7,11.1,329.4,24.5,52.4,Corn,0
12.5,37.8,17.4,327.5,16.8,75.9,Spinach,1
29.3,23.1,20.3,50.0,13.8,68.3,Peas,0
26.0,3.2,21.9,159.3,17.0,80.1,Rice,1
28.6,25.1,18.5,280.6,32.7,52.7,Tomato,0
23.6,8.2,13.6,282.8,32.3,75.3,Cabbage,1
26.0,26.1,18.6,318.3,32.5,81.4,Cotton,0
24.8,20.2,22.1,368.8,29.0,34.9,Corn,0
38.6,34.2,16.1,373.6,16.4,24.9,Peas,0
41.2,16.9,22.8,313.7,27.7,87.0,Potato,0
28.6,40.1,14.8,265.8,26.6,27.9,Peas,0
22.2,9.7,20.9,381.6,32.9,35.2,Maize,0
31.4,12.4,14.9,401.7,17.1,56.1,Spinach,0
18.9,32.7,24.0,356.8,33.8,82.7,Sugarcane,1
18.0,39.0,27.8,346.7,11.3,64.8,Corn,1
18.9,21.5,15.3,380.0,27.7,24.9,Wheat,1
18.8,13.5,13.9,396.6,28.5,75.5,Cotton,0
25.9,20.5,15.7,233.2,50.0,69.5,Rice,1
20.3,21.2,15.8,332.2,24.4,62.2,Soybean,1
45.0,22.9,22.1,424.1,27.3,89.1,Maize,0
25.0,32.9,22.9,475.5,11.1,52.3,Barley,0
34.1,33.8,15.0,511.6,33.8,33.0,Tomato,0
23.2,16.4,13.8,409.4,21.8,25.2,Cabbage,1
23.2,25.3,16.9,401.8,20.2,32.2,Sugarcane,1
35.7,33.3,23.6,317.0,24.7,81.9,Beans,0
9.4,6.5,23.8,281.9,14.1,63.0,Spinach,1
29.9,22.5,18.3,360.7,15.3,56.8,Beans,0
41.3,11.9,8.4,347.7,14.7,73.1,Maize,0
41.2,37.3,20.5,389.7,9.1,82.2,Wheat,0
10.0,4.1,19.9,241.3,19.8,69.6,Carrot,1
27.2,37.1,19.9,254.2,21.4,79.9,Carrot,0
10.8,20.7,24.6,392.9,25.6,64.5,Beans,1
16.8,27.7,20.4,404.6,18.7,41.7,Corn,1
27.0,34.0,17.8,215.8,20.4,60.8,Sunflower,0
28.3,29.8,22.6,407.1,13.4,24.9,Tomato,0
20.9,29.7,17.4,223.7,32.5,21.0,Potato,0
28.0,29.1,19.1,367.0,22.5,66.9,Barley,0
21.5,5.8,22.9,142.7,26.2,76.6,Maize,1
22.6,25.2,23.6,199.6,28.0,37.8,Tomato,1
34.9,21.0,23.1,424.4,25.2,80.6,Rice,0
27.1,26.9,21.1,397.9,28.1,26.0,Potato,0
5.0,27.1,25.9,277.2,15.2,29.9,Sugarcane,1
16.5,7.8,21.4,281.7,15.1,35.3,Cabbage,1
31.4,24.9,24.6,137.5,35.3,35.7,Potato,0
23.7,28.4,14.6,207.5,25.1,89.2,Cotton,0
20.6,22.5,24.1,327.2,24.9,51.3,Tomato,1
20.0,29.4,15.7,204.5,23.8,20.3,Peas,1
29.7,12.7,22.0,303.5,26.3,55.1,Peas,0
11.3,18.5,9.0,331.5,17.0,50.7,Rice,1
12.9,31.5,17.3,423.7,19.2,22.4,Maize,1
11.1,23.0,22.3,228.9,26.3,32.5,Sunflower,1
17.8,20.4,23.3,209.2,14.5,38.9,Onion,1
17.3,11.3,12.2,461.0,23.3,85.8,Onion,1
11.5,18.6,20.0,214.2,22.8,49.1,Potato,1
45.0,4.5,17.9,317.4,11.2,86.4,Beans,0
22.8,12.3,17.2,397.1,28.4,41.9,Sugarcane,1
31.7,15.8,19.6,248.9,23.3,78.7,Corn,0
15.3,36.1,19.6,236.9,29.7,59.1,Cotton,1
39.0,7.8,26.0,170.9,31.6,45.2,Spinach,0
15.5,16.4,15.3,58.8,15.9,50.3,Barley,1
28.9,32.6,23.9,308.7,34.8,22.9,Onion,0
45.0,31.1,19.5,326.5,19.4,43.3,Spinach,0
40.3,35.3,24.2,248.4,20.1,39.8,Corn,0
16.9,14.0,23.1,213.0,18.6,81.9,Barley,1
25.8,22.4,25.3,449.4,16.8,58.1,Beans,0
28.5,23.3,24.1,266.8,10.2,81.7,Onion,0
41.0,28.9,22.2,393.0,34.2,40.0,Tomato,0
27.7,29.6,17.8,425.2,24.5,42.3,Barley,0
27.4,16.7,21.2,326.3,21.6,66.3,Spinach,0
28.3,4.4,23.8,252.1,2.7,24.5,Peas,0
41.9,14.1,14.5,350.8,19.7,32.5,Wheat,0
17.2,5.4,28.6,357.9,22.9,87.8,Carrot,1
13.6,23.9,20.0,316.5,23.2,66.6,Barley,1
27.1,19.9,23.7,348.7,12.9,49.4,Tomato,0
22.5,11.4,30.9,229.8,30.0,40.2,Maize,0
28.3,20.6,18.3,368.5,30.3,22.4,Wheat,0
34.2,31.4,28.6,200.2,19.2,70.7,Barley,0
19.2,10.0,18.1,136.9,30.9,83.4,Onion,1
12.9,5.9,25.7,200.3,29.9,62.7,Lettuce,1
26.3,0.0,11.8,338.6,24.7,29.7,Sugarcane,1
13.6,13.2,25.0,287.6,15.3,80.2,Corn,1
10.1,12.2,23.1,239.5,28.9,75.9,Cotton,1
21.4,7.9,22.7,299.4,25.5,68.3,Spinach,1
24.7,15.8,18.2,237.0,13.5,31.1,Barley,0
25.1,0.0,21.2,376.1,17.4,40.6,Cotton,0
22.5,26.4,12.7,212.8,19.7,75.9,Cotton,0
33.7,24.7,14.9,327.9,27.8,44.6,Carrot,0
24.2,18.2,15.7,284.0,25.8,22.8,Carrot,1
40.2,32.6,13.8,246.7,31.8,29.7,Onion,0
31.0,28.7,24.1,312.2,14.2,88.3,Cabbage,0
45.0,22.7,14.8,346.7,35.1,24.5,Wheat,0
42.1,17.5,15.1,245.8,5.3,58.1,Wheat,0
34.2,38.0,21.9,401.8,21.0,71.3,Barley,0
15.9,28.0,20.6,222.0,21.2,44.5,Rice,1
33.3,18.1,18.6,449.9,32.5,58.6,Barley,0
25.7,27.0,6.2,325.2,21.7,27.7,Carrot,0
23.5,33.9,17.8,396.6,18.5,88.9,Sunflower,0
32.6,3.2,22.0,223.7,36.6,56.6,Carrot,0
34.3,30.1,24.2,334.0,26.0,67.9,Sunflower,0
34.1,23.4,21.9,303.4,21.9,83.5,Soybean,0
12.5,20.2,24.1,315.5,27.3,46.4,Cotton,1
36.4,12.8,26.5,347.2,33.8,29.6,Soybean,0
23.8,14.3,18.8,301.4,26.8,40.8,Spinach,1
15.2,28.0,25.4,300.6,16.1,74.7,Soybean,1
17.5,14.7,13.9,333.3,24.1,27.7,Maize,1
45.0,29.9,20.3,169.2,26.2,83.6,Cotton,0
36.6,14.0,19.6,288.3,30.7,72.2,Peas,0
20.9,43.8,21.1,365.5,12.1,89.5,Corn,1
26.0,15.7,13.6,181.0,31.8,42.6,Peas,0
29.5,15.1,20.5,262.8,30.5,89.8,Maize,0
26.8,4.9,16.3,215.7,21.3,87.9,Carrot,0
26.1,18.8,23.6,278.9,29.4,73.2,Carrot,0
30.3,19.2,20.2,408.8,31.1,24.9,Lettuce,0
44.2,22.1,21.8,158.6,17.4,68.3,Maize,0
35.2,5.3,20.0,461.0,23.1,78.3,Lettuce,0
34.3,20.9,19.0,365.1,25.6,20.4,Sugarcane,0
34.5,13.2,21.4,388.8,37.4,32.7,Spinach,0
14.1,10.3,20.1,97.3,28.4,50.6,Barley,1
16.6,17.6,30.6,248.0,18.7,41.1,Beans,1
5.0,31.8,29.1,439.7,31.9,21.3,Tomato,1
21.7,23.1,20.4,354.0,5.7,61.5,Onion,1
28.8,20.0,21.1,339.6,28.4,25.0,Rice,1
12.7,28.2,15.4,340.7,18.1,39.7,Wheat,1
22.8,20.1,23.4,278.5,29.5,70.1,Sugarcane,1
16.7,37.8,22.2,230.3,38.9,49.3,Lettuce,1
30.2,16.3,21.6,319.8,26.0,25.5,Potato,0
11.6,26.4,28.3,415.7,43.3,45.9,Tomato,1
45.0,23.0,18.4,253.2,9.8,50.0,Cotton,0
39.7,19.0,23.2,307.4,28.3,47.9,Soybean,0
14.9,12.0,22.5,72.3,4.8,41.3,Maize,1
26.9,23.8,25.2,256.0,21.9,67.7,Tomato,0
18.8,11.9,17.0,155.4,25.3,73.4,Sugarcane,1
24.5,21.6,15.4,258.8,36.7,80.9,Tomato,1
39.8,20.6,22.8,254.1,32.1,50.7,Tomato,0
17.4,36.1,24.4,444.1,28.2,74.3,Carrot,1
16.2,26.4,13.4,152.6,30.1,78.6,Tomato,1
17.8,21.3,14.5,324.7,30.8,62.3,Tomato,1
32.8,34.1,25.2,288.1,19.8,60.9,Maize,0
24.4,25.4,30.2,446.4,31.4,70.9,Soybean,0
16.2,14.3,15.8,200.9,27.6,22.6,Cotton,1
39.4,20.7,21.4,327.8,33.9,34.9,Peas,0
18.9,39.8,16.0,211.8,29.4,88.1,Barley,1
23.0,21.6,20.2,161.5,39.1,23.6,Lettuce,1
20.9,31.4,12.7,430.2,22.6,67.0,Cabbage,1
26.6,17.2,21.6,202.5,21.2,35.1,Maize,0
5.4,23.6,22.4,260.0,22.1,44.3,Maize,1
32.5,16.0,25.1,301.4,33.5,56.3,Spinach,0
35.3,22.5,23.7,333.4,24.7,80.3,Maize,0
14.7,6.0,33.0,187.0,20.9,81.0,Tomato,1
30.2,15.6,21.2,306.1,22.5,80.4,Barley,0
12.2,18.7,19.5,248.2,29.0,26.8,Maize,1
28.5,12.6,13.0,280.9,29.5,45.6,Onion,0
21.1,27.3,23.1,344.6,15.9,86.8,Cabbage,1
33.1,17.9,18.9,171.6,33.7,38.6,Potato,0
25.6,20.8,30.8,83.5,19.6,77.6,Sunflower,0
19.7,19.8,9.0,253.6,21.2,31.4,Onion,1
8.8,22.4,18.7,227.1,25.7,88.5,Sugarcane,1
7.2,19.8,23.8,445.0,35.5,55.3,Onion,1
27.5,15.1,20.2,345.8,14.0,64.4,Barley,0
24.9,15.5,19.3,390.6,24.6,20.2,Carrot,1
18.2,11.2,23.9,454.5,21.2,83.8,Barley,1
33.1,28.5,18.5,202.2,21.2,43.5,Potato,0
18.8,28.5,15.6,124.4,9.3,55.3,Carrot,1
10.3,23.7,17.3,311.9,22.4,23.1,Onion,1
40.3,35.0,16.0,375.8,29.0,44.1,Onion,0
18.5,21.7,19.7,190.8,43.9,66.0,Sugarcane,1
20.9,19.1,14.1,347.0,27.7,20.9,Cabbage,1
22.9,15.1,16.1,197.9,19.4,75.5,Onion,1
45.0,33.2,24.9,161.0,26.6,33.5,Onion,0
37.1,28.2,15.8,428.0,41.1,30.5,Lettuce,0
18.5,18.6,20.8,403.9,15.4,40.3,Cotton,0
12.1,23.3,23.7,242.7,12.3,80.4,Soybean,1
24.2,28.5,13.5,381.2,27.0,60.7,Soybean,0
21.5,0.0,25.0,149.8,25.9,72.0,Corn,1
33.7,20.5,20.2,285.3,20.0,81.1,Soybean,0
7.2,22.7,20.6,353.4,25.6,82.5,Tomato,1
32.3,17.2,25.9,211.7,36.5,34.1,Carrot,0
27.1,23.4,18.5,408.6,27.5,80.7,Peas,0
13.2,11.2,26.9,320.1,17.3,53.3,Spinach,1
19.1,21.4,20.9,312.5,6.6,36.3,Carrot,1
11.3,21.7,17.2,263.6,17.8,35.4,Carrot,1
38.8,32.1,24.0,391.6,35.1,73.6,Corn,0
20.5,26.2,21.6,270.5,30.5,44.1,Peas,1
17.0,6.6,12.9,309.1,20.5,32.7,Potato,1
30.6,23.1,20.8,361.0,27.6,74.6,Peas,0
17.6,31.7,15.5,260.0,13.1,82.3,Cabbage,1
22.2,26.1,20.8,282.8,29.3,68.4,Cotton,0
21.7,33.0,16.7,240.8,17.1,26.7,Corn,1
20.6,44.8,18.1,267.5,23.5,60.4,Potato,0
23.5,25.8,14.1,424.2,28.9,81.3,Soybean,0
19.5,20.5,26.7,285.1,24.3,80.2,Lettuce,1
42.8,22.2,20.8,309.6,8.2,74.6,Sugarcane,0
35.9,15.8,15.2,371.7,27.2,38.4,Peas,0
23.8,31.6,12.5,217.5,16.7,69.6,Corn,0
31.8,19.2,13.6,100.0,31.8,73.9,Onion,0
32.2,21.9,23.2,325.8,14.6,29.3,Spinach,0
21.7,24.4,17.1,353.2,28.4,26.9,Rice,1
36.9,38.4,24.6,367.1,21.9,58.2,Peas,0
29.0,26.5,19.8,425.2,20.4,47.8,Rice,1
34.6,9.8,25.2,303.6,19.2,30.7,Carrot,0
44.3,30.3,22.3,257.0,25.6,83.9,Potato,0
36.0,4.7,29.3,481.6,35.2,64.8,Soybean,0
21.8,24.7,20.4,339.5,24.9,35.3,Potato,0
9.0,9.2,18.3,440.1,38.5,51.0,Rice,1
37.4,38.2,24.4,271.3,16.3,42.4,Maize,0
31.2,12.7,26.5,126.3,28.3,89.1,Sugarcane,0
26.6,24.1,17.1,179.6,44.4,66.8,Peas,0
19.7,17.8,22.0,264.1,23.1,38.7,Spinach,1
19.8,27.9,18.0,533.7,25.7,31.8,Tomato,1
6.5,6.8,24.9,312.0,26.7,39.9,Carrot,1
33.5,12.3,26.9,235.8,18.4,62.1,Cabbage,0
22.2,27.3,24.0,270.5,29.9,52.6,Sugarcane,1
19.9,33.4,16.7,362.9,24.5,51.5,Corn,1
6.6,39.5,17.8,317.4,25.3,40.2,Potato,1
27.6,25.2,19.9,328.2,25.4,52.2,Tomato,0
29.8,8.2,23.5,221.4,12.5,58.6,Sunflower,0
21.7,19.4,26.7,375.6,23.3,89.4,Rice,1
6.3,12.5,23.1,345.5,29.4,24.4,Potato,1
30.8,0.0,25.7,128.7,21.1,54.6,Barley,0
38.9,17.3,19.9,335.6,25.1,56.6,Wheat,0
24.8,19.4,30.4,433.7,39.6,49.3,Wheat,0
28.4,16.4,17.1,250.4,25.3,84.9,Wheat,0
16.6,12.1,22.6,365.0,34.5,78.0,Wheat,1
10.9,33.2,15.5,433.5,12.1,65.3,Sugarcane,1
42.8,21.0,18.4,298.4,28.3,41.7,Barley,0
30.0,37.4,16.0,360.9,10.9,63.3,Cabbage,0
8.0,5.6,6.8,263.6,23.9,40.7,Beans,1
37.8,17.5,25.5,255.1,26.4,57.1,Cotton,0
25.8,16.5,25.3,213.6,25.9,27.8,Cotton,0
42.8,25.1,13.2,276.5,30.1,49.9,Barley,0
9.8,14.2,25.2,379.8,21.0,73.5,Carrot,1
35.3,19.1,22.7,637.2,22.5,22.8,Sugarcane,0
38.1,30.1,18.8,327.4,34.9,25.1,Lettuce,0
33.5,20.2,26.1,142.0,23.1,51.3,Beans,0
11.8,31.2,16.3,178.7,28.1,37.7,Barley,1
38.3,0.0,14.4,301.5,20.0,28.8,Carrot,0
21.3,35.9,21.8,259.2,18.6,70.3,Potato,0
24.3,15.6,14.7,295.0,31.9,84.4,Soybean,0
24.7,4.5,12.7,456.2,15.7,39.3,Potato,0
18.6,20.9,23.7,452.9,33.9,59.3,Onion,1
42.8,11.3,12.1,366.7,33.1,32.1,Carrot,0
39.5,4.9,17.9,417.2,29.0,87.6,Cotton,0
14.0,27.9,21.9,308.5,23.6,37.2,Rice,1
27.3,31.8,19.0,297.7,31.3,59.7,Corn,0
29.5,17.8,19.0,375.8,39.1,66.4,Wheat,0
19.3,7.8,16.5,491.4,21.6,71.9,Sunflower,1
5.0,2.9,22.8,346.8,24.4,55.0,Lettuce,1
31.8,26.1,28.6,289.2,21.8,59.6,Cotton,0
24.6,34.2,22.8,302.5,32.7,60.2,Spinach,1
17.1,14.3,18.6,566.5,40.0,75.8,Cabbage,1
24.1,32.4,19.6,419.9,25.9,86.6,Potato,0
25.1,33.2,11.0,382.7,36.0,70.0,Cabbage,0
28.3,15.4,17.4,418.3,23.7,36.0,Maize,0
45.0,18.1,12.2,316.3,31.3,34.7,Sugarcane,0
23.6,27.8,14.6,533.5,14.6,68.0,Soybean,0
19.3,19.2,24.1,259.7,26.7,65.0,Maize,1
31.8,2.9,20.6,323.0,23.7,26.0,Potato,0
19.0,15.7,24.7,325.6,31.9,56.9,Cabbage,1
31.5,6.5,24.3,288.8,49.6,49.2,Lettuce,0
5.0,14.4,12.3,327.9,27.9,80.0,Soybean,1
28.9,13.5,18.9,229.0,25.3,65.7,Sugarcane,1
17.7,27.8,27.6,382.1,24.2,84.0,Carrot,1
26.4,19.5,22.1,339.4,30.6,25.7,Maize,0
32.3,17.3,13.4,130.7,21.5,29.2,Sugarcane,0
6.7,7.8,13.3,195.7,20.6,64.8,Onion,1
20.1,1.0,20.4,331.8,22.4,88.0,Cabbage,1
20.4,22.2,11.5,342.9,37.4,83.7,Sunflower,1
37.2,2.8,21.4,269.5,23.8,87.5,Wheat,0
24.7,9.2,12.8,310.5,16.0,57.5,Maize,0
22.0,19.8,12.9,286.3,40.0,31.5,Tomato,1
35.9,13.5,18.5,377.5,28.8,83.3,Wheat,0
32.9,5.8,10.1,322.6,29.0,37.3,Sunflower,0
9.7,4.8,16.4,232.2,12.8,51.0,Carrot,1
7.9,14.8,20.9,149.2,19.1,60.5,Cabbage,1
35.1,12.9,16.4,117.3,31.4,23.7,Cotton,0
24.6,26.4,28.5,215.3,17.0,45.7,Maize,0
23.1,28.8,20.2,142.9,22.1,70.1,Cabbage,1
26.3,23.8,15.0,245.5,28.9,77.2,Cotton,0
27.2,24.4,26.2,332.0,37.3,27.5,Beans,0
34.1,13.5,20.1,254.9,10.9,57.4,Cotton,0
13.4,23.0,30.2,367.6,22.8,28.7,Lettuce,1
38.1,11.2,26.9,235.1,33.2,37.7,Carrot,0
16.4,37.0,9.8,445.5,24.6,77.6,Sugarcane,1
35.0,19.5,26.8,355.1,28.0,47.4,Corn,0
28.3,18.0,25.6,388.0,34.6,65.2,Sugarcane,1
14.6,15.3,23.8,294.4,36.7,71.2,Peas,1
32.1,13.8,15.6,73.3,35.0,36.2,Barley,0
32.0,15.1,28.4,186.4,29.7,52.9,Wheat,0
30.2,8.4,28.3,492.5,25.4,21.2,Wheat,0
45.0,16.0,22.0,443.2,21.3,88.6,Rice,0
22.0,29.1,15.7,71.9,15.0,21.6,Lettuce,1
33.2,2.8,17.6,261.6,27.1,84.2,Barley,0
27.3,24.0,19.3,205.5,32.2,74.6,Peas,0
7.4,27.8,25.7,533.7,19.0,26.6,Peas,1
29.5,18.0,15.1,198.7,20.5,45.5,Sunflower,0
20.8,25.2,18.2,290.2,32.5,50.8,Sugarcane,1
30.5,9.3,2.3,444.7,24.8,48.8,Barley,0
12.4,9.7,21.8,305.2,20.1,36.4,Wheat,1
32.3,11.4,20.2,301.5,32.4,60.3,Onion,0
25.1,29.1,29.7,256.2,25.1,85.8,Barley,0
25.2,21.6,25.4,418.0,22.5,42.2,Potato,0
45.0,27.0,18.2,199.1,42.7,35.6,Soybean,0
22.8,21.7,11.7,350.3,14.6,74.1,Wheat,0
30.3,16.4,24.7,452.6,18.1,26.3,Soybean,0
13.5,22.0,24.4,167.6,26.6,41.4,Potato,1
30.4,5.9,22.2,306.1,26.2,88.2,Cabbage,0
21.2,5.3,15.0,356.7,17.4,75.7,Sugarcane,1
41.1,31.9,26.7,312.5,27.1,75.7,Tomato,0
26.6,22.6,13.8,378.6,30.3,36.2,Corn,0
28.4,12.0,11.1,270.7,21.4,81.8,Potato,0
40.3,31.1,17.0,353.8,21.1,45.5,Cotton,0
6.6,19.2,26.3,266.5,31.7,75.0,Peas,1
12.0,23.7,24.2,444.5,21.1,33.3,Cabbage,1
20.9,32.2,23.6,333.3,15.2,85.9,Wheat,1
39.6,26.9,26.2,196.8,22.4,51.9,Beans,0
29.3,29.4,17.2,171.2,32.3,75.8,Potato,0
8.9,8.2,28.0,255.2,35.9,72.2,Lettuce,1
25.1,46.4,27.2,269.9,10.8,86.3,Maize,0
28.4,26.2,27.9,332.9,24.0,36.5,Sugarcane,1
16.8,10.6,14.1,425.3,16.7,53.2,Cotton,1
39.2,24.9,20.6,282.5,40.1,42.9,Cabbage,0
32.1,21.8,20.0,148.0,24.6,55.5,Barley,0
32.3,34.9,24.5,227.9,28.0,77.9,Wheat,0
25.6,18.1,18.4,452.4,27.5,68.1,Maize,0
9.1,20.3,13.9,386.4,29.2,36.8,Barley,1
23.3,7.6,21.8,224.4,17.8,22.7,Spinach,1
23.2,25.5,27.4,239.8,21.8,28.3,Soybean,0
17.1,8.9,25.1,450.0,50.0,45.3,Peas,1
17.4,39.0,19.8,229.4,34.4,71.3,Cotton,1
25.6,16.1,14.9,239.2,19.7,37.3,Maize,0
33.5,31.3,18.0,349.9,28.9,32.0,Corn,0
28.3,19.8,28.6,309.9,20.5,73.6,Corn,0
34.4,8.1,22.1,331.6,27.6,37.8,Cotton,0
21.5,19.0,24.6,254.4,21.8,53.1,Sunflower,1
26.5,10.1,26.6,259.3,24.2,42.3,Carrot,0
19.6,29.9,24.5,401.5,8.3,45.7,Wheat,1
17.0,12.8,24.4,310.7,23.9,37.9,Sugarcane,1
22.7,33.9,11.2,427.4,43.3,43.7,Peas,1
33.0,3.1,28.8,323.0,39.8,56.2,Soybean,0
34.6,2.0,15.5,286.3,19.4,30.9,Carrot,0
45.0,21.2,23.1,294.8,27.7,25.3,Corn,0
5.0,20.6,23.3,76.1,37.4,51.6,Carrot,1
22.7,26.7,5.0,297.2,31.3,43.0,Onion,1
34.9,0.0,16.3,202.3,10.1,67.2,Soybean,0
36.6,11.6,17.1,241.4,31.0,36.9,Spinach,0
29.0,30.8,27.6,210.3,24.1,26.4,Tomato,0
36.3,18.5,29.5,420.1,19.5,45.1,Beans,0
25.7,0.0,10.5,260.0,42.0,30.0,Sugarcane,1
45.0,8.0,17.9,118.6,26.8,26.9,Peas,0
25.2,28.4,23.6,137.8,13.5,66.0,Potato,0
24.2,10.4,17.7,258.8,24.7,36.6,Potato,0
10.4,26.7,17.7,263.2,14.6,59.1,Soybean,1
36.0,14.5,34.0,376.1,22.9,38.4,Cotton,0
20.1,18.9,19.8,159.6,35.8,66.8,Barley,1
28.7,30.5,13.7,360.2,10.7,20.8,Peas,0
15.3,45.1,18.3,298.1,30.6,28.1,Sugarcane,1
15.0,28.0,21.5,383.6,29.7,89.6,Beans,1
25.6,26.9,17.0,375.0,22.8,75.1,Beans,0
14.9,12.9,23.1,325.1,14.7,35.8,Maize,1
16.4,36.5,17.3,281.2,21.7,42.4,Cotton,1
7.3,20.9,17.8,345.5,31.5,80.7,Lettuce,1
5.0,34.4,10.8,415.2,16.9,37.4,Corn,1
33.5,2.6,24.9,159.6,32.7,64.4,Soybean,0
21.5,9.3,13.6,219.1,18.5,86.1,Wheat,1
10.1,18.7,18.6,286.3,16.4,87.3,Lettuce,1
13.3,27.6,17.1,372.1,16.3,25.9,Cabbage,1
26.4,13.7,16.9,384.7,32.9,71.1,Peas,0
32.8,9.4,19.0,348.8,24.0,25.0,Cotton,0
23.6,13.8,19.0,316.8,22.6,25.9,Corn,0
17.1,21.4,21.1,277.1,22.5,63.5,Spinach,1
42.3,21.2,18.6,244.1,24.0,85.7,Lettuce,0
32.5,12.6,15.2,510.1,34.5,87.8,Carrot,0
21.7,34.3,22.9,186.9,20.2,39.4,Cabbage,1
28.7,6.9,16.6,345.6,23.7,89.8,Barley,0
21.1,15.0,16.5,255.0,19.1,72.5,Cotton,0
23.4,11.6,20.8,364.6,17.5,78.9,Sugarcane,1
22.6,0.0,7.4,331.1,25.9,36.9,Lettuce,1
26.9,19.6,14.4,289.3,32.8,64.6,Tomato,0
5.2,25.7,16.9,318.7,26.2,24.3,Corn,1
13.5,11.0,18.2,348.5,18.4,81.0,Tomato,1
45.0,21.4,22.9,440.0,35.2,86.4,Wheat,0
30.1,28.5,13.0,362.5,15.5,84.6,Lettuce,0
42.5,21.0,19.9,262.1,23.5,22.2,Lettuce,0
27.7,0.0,19.9,333.5,22.4,81.3,Beans,0
21.7,9.1,25.1,348.5,30.4,45.1,Cabbage,1
33.9,13.6,19.7,403.5,36.1,67.7,Spinach,0
45.0,25.2,24.6,435.5,19.8,32.6,Tomato,0
37.5,17.3,16.9,382.2,27.1,78.8,Maize,0
38.1,29.6,19.0,354.8,32.0,69.5,Cabbage,0
15.6,26.6,15.3,296.6,19.0,28.4,Barley,1
10.6,23.8,21.7,293.1,35.6,51.5,Maize,1
30.1,6.0,14.5,290.0,37.6,86.1,Spinach,0
31.4,28.9,24.1,325.3,28.3,74.1,Rice,0
14.1,6.5,17.6,360.1,26.8,50.5,Beans,1
45.0,11.1,14.2,270.9,33.4,21.5,Beans,0
28.6,36.8,18.5,251.0,19.1,36.2,Barley,0
5.0,24.0,17.7,286.4,35.1,33.5,Wheat,1
28.0,13.8,22.0,257.6,22.6,37.3,Beans,0
30.6,17.7,17.5,249.6,20.1,76.1,Sugarcane,0
25.9,11.1,22.7,414.3,38.8,72.9,Lettuce,0
19.0,30.2,28.8,266.9,36.1,66.3,Beans,1
21.8,25.2,20.0,368.7,27.2,32.5,Wheat,1
29.8,6.9,10.5,301.6,18.6,30.4,Cotton,0
20.2,19.0,15.0,356.7,19.1,28.3,Potato,0
30.9,35.0,20.6,352.2,23.1,59.3,Wheat,0
28.8,25.6,27.5,137.4,27.1,43.3,Peas,0
28.6,17.7,15.0,321.4,30.2,49.3,Spinach,0
24.5,24.6,12.1,524.2,23.2,20.2,Lettuce,1
11.5,25.3,25.1,364.4,33.4,79.8,Spinach,1
23.7,7.3,25.3,484.9,23.7,34.7,Rice,1
16.0,21.1,16.4,309.6,49.2,39.6,Tomato,1
17.9,17.6,18.6,352.5,33.3,64.2,Lettuce,1
38.4,22.5,22.6,354.9,17.2,56.1,Lettuce,0
23.7,21.1,16.8,317.2,27.0,75.0,Beans,1
12.5,13.3,23.8,124.5,32.2,50.7,Wheat,1
5.0,22.9,26.6,305.8,23.0,21.5,Corn,1
24.5,9.5,21.3,60.8,24.5,77.2,Wheat,0
22.4,12.0,21.5,236.8,38.3,86.4,Cabbage,1
23.6,26.8,23.0,414.6,26.2,72.3,Tomato,1
11.8,0.0,11.6,370.6,36.4,84.5,Tomato,1
15.4,24.0,23.4,273.9,26.2,69.2,Carrot,1
33.3,30.4,25.3,298.7,26.7,71.6,Sugarcane,0
26.2,21.0,20.2,234.8,23.9,83.0,Soybean,0
23.2,17.7,25.2,393.9,11.6,77.2,Sunflower,0
9.1,5.5,23.1,429.2,22.8,52.1,Onion,1
20.3,5.3,18.2,431.1,14.6,82.5,Corn,1
32.9,12.5,16.9,375.2,18.9,81.9,Beans,0
39.5,18.7,25.4,367.3,24.6,42.4,Tomato,0
21.0,27.8,19.5,219.6,38.8,85.0,Carrot,1
40.7,22.7,22.6,400.5,32.4,50.7,Carrot,0
27.9,19.6,23.5,207.0,35.7,53.4,Peas,0
26.4,21.4,21.3,357.6,39.5,45.7,Cabbage,0
31.0,17.5,17.2,443.7,18.3,64.9,Barley,0
39.7,25.5,30.6,369.2,27.1,89.5,Potato,0
28.7,18.2,19.0,247.5,28.4,58.0,Peas,0
45.0,23.8,24.1,340.2,24.0,82.5,Beans,0
44.3,14.5,18.1,177.7,26.2,87.4,Cotton,0
18.2,15.5,17.4,314.7,42.2,36.2,Lettuce,1
32.6,18.0,26.4,179.5,24.2,67.6,Soybean,0
29.0,25.1,12.0,296.2,28.1,85.6,Cotton,0
16.4,10.4,25.1,330.0,14.1,59.8,Corn,1
17.7,24.0,9.7,196.4,35.2,24.5,Rice,1
27.1,33.9,19.5,111.0,20.1,80.2,Onion,0
19.5,26.5,18.0,298.5,15.6,86.7,Corn,1
19.1,14.6,19.8,291.8,38.7,42.8,Corn,1
23.1,23.7,18.7,331.4,23.0,51.3,Cotton,0
22.9,14.1,25.9,403.9,24.6,64.3,Onion,1
30.2,17.2,20.3,408.4,26.5,77.7,Sunflower,0
27.6,19.7,25.8,375.6,24.4,40.0,Wheat,0
14.6,25.7,24.6,319.8,28.2,48.7,Carrot,1
19.0,6.8,20.7,445.3,21.9,72.7,Potato,0
24.2,13.3,21.8,383.4,26.3,76.0,Peas,1
38.7,13.2,20.5,142.1,31.7,30.9,Barley,0
38.3,8.8,16.6,230.8,24.7,70.3,Lettuce,0
5.0,19.7,25.4,340.1,25.2,59.2,Cabbage,1
15.7,8.5,19.5,396.7,35.0,87.4,Corn,1
23.8,19.3,23.6,444.1,15.9,33.7,Corn,0
22.7,22.7,16.3,243.2,19.0,82.2,Rice,1
30.1,15.2,14.0,532.6,7.9,28.9,Potato,0
33.6,15.9,26.6,303.6,35.6,39.4,Potato,0
35.3,25.0,23.6,278.5,27.8,87.3,Sunflower,0
5.0,16.3,22.0,301.5,32.5,24.7,Sunflower,1
45.0,21.3,11.3,50.0,31.6,22.1,Cotton,0
26.4,12.3,16.1,381.5,28.4,47.1,Rice,1
30.4,38.3,28.3,119.4,21.1,58.7,Onion,0
27.9,26.3,17.5,206.9,31.2,88.2,Cotton,0
31.9,28.5,14.0,282.9,17.0,45.3,Carrot,0
18.5,18.6,16.1,194.4,25.8,76.6,Onion,1
18.5,18.2,32.3,362.3,18.2,61.3,Cotton,0
37.4,7.1,14.9,399.2,29.8,46.5,Lettuce,0
30.6,13.3,20.2,554.6,17.2,42.3,Tomato,0
28.3,12.8,19.4,239.0,24.6,40.6,Cabbage,0
14.2,2.8,23.1,219.0,27.9,61.3,Corn,1
12.0,9.5,21.3,304.3,25.0,31.1,Maize,1
33.6,33.3,22.5,244.2,19.0,49.6,Cabbage,0
20.9,12.5,9.2,259.4,26.5,47.0,Tomato,1
30.1,36.6,26.3,211.3,32.9,63.3,Sugarcane,0
40.3,6.9,16.1,187.5,33.8,46.3,Sunflower,0
45.0,10.7,17.9,349.3,29.7,72.8,Corn,0
21.8,30.9,26.0,299.2,23.8,34.0,Cabbage,1
17.0,25.4,20.0,275.6,20.4,22.3,Cabbage,1
19.5,5.0,21.5,400.6,32.3,21.5,Wheat,1
23.6,32.6,28.9,241.7,32.7,78.1,Potato,0
32.9,30.2,18.3,313.9,18.8,69.1,Sunflower,0
16.7,8.3,19.0,260.0,27.1,66.0,Lettuce,1
32.9,26.9,25.0,287.3,36.8,41.6,Onion,0
5.0,4.3,27.0,375.3,29.9,50.6,Peas,1
36.8,14.1,28.5,430.6,23.2,50.8,Cotton,0
33.1,15.0,33.6,415.1,9.2,34.9,Spinach,0
17.9,19.1,24.9,245.9,24.4,62.7,Carrot,1
11.9,9.4,17.9,166.4,9.5,36.2,Barley,1
13.6,27.2,26.1,386.2,26.2,80.1,Beans,1
5.0,32.7,23.5,463.9,16.0,35.7,Tomato,1
36.6,12.5,24.1,252.7,15.5,47.5,Beans,0
34.7,30.7,16.6,112.7,30.0,47.7,Beans,0
14.2,17.5,14.5,314.4,21.7,25.4,Tomato,1
30.9,19.8,10.5,203.3,25.0,46.3,Corn,0
25.9,29.0,27.9,482.3,19.1,77.2,Wheat,0
25.6,26.5,20.9,260.6,25.3,72.5,Corn,0
24.2,17.6,25.0,293.7,10.9,70.2,Sunflower,0
18.0,35.5,23.1,417.6,32.0,21.5,Peas,1
26.8,13.2,22.5,290.3,21.6,88.6,Tomato,0
27.6,15.9,25.6,202.6,23.5,38.6,Tomato,0
11.0,27.5,23.8,378.4,25.2,38.5,Carrot,1
40.3,34.4,20.6,248.4,35.9,76.6,Sunflower,0
18.1,18.3,13.8,324.9,23.6,41.3,Soybean,1
18.2,13.5,23.1,308.1,12.5,64.7,Cabbage,1
33.7,8.7,21.6,199.4,40.5,21.3,Barley,0
19.5,23.3,22.6,135.2,36.2,63.1,Cotton,0
29.7,31.7,19.5,267.3,30.9,56.8,Rice,1
18.4,14.9,27.2,351.4,31.7,26.9,Lettuce,1
6.9,28.7,10.2,239.0,30.7,81.8,Sugarcane,1
16.4,20.9,20.8,323.0,25.6,56.6,Carrot,1
28.4,9.4,8.4,344.5,21.0,32.5,Beans,0
28.3,22.9,18.2,237.0,31.5,44.8,Peas,0
31.1,33.4,24.9,183.0,25.1,79.1,Wheat,0
45.0,14.1,20.7,205.5,25.7,58.7,Barley,0
17.2,10.6,24.2,318.0,32.6,62.4,Soybean,1
11.5,17.9,13.5,336.5,20.1,42.0,Corn,1
34.6,17.9,24.7,308.6,7.8,24.3,Rice,0
30.8,27.9,16.9,215.0,35.1,70.8,Sugarcane,0
45.0,18.6,23.4,204.7,15.0,44.4,Spinach,0
31.0,36.6,19.5,343.2,36.2,25.9,Peas,0
37.5,17.7,30.8,275.9,31.4,22.0,Lettuce,0
25.3,21.7,18.0,257.2,24.3,53.6,Maize,0
25.4,35.7,17.9,176.3,23.8,37.6,Cotton,0
23.4,8.4,16.9,296.8,19.0,59.5,Tomato,1
8.4,21.1,32.0,408.7,17.6,58.6,Beans,1
35.6,25.9,20.4,327.4,13.1,26.6,Spinach,0
26.6,26.6,18.0,213.9,13.8,62.6,Wheat,0
38.0,6.6,22.9,501.4,15.8,48.8,Carrot,0
22.7,19.1,19.0,358.8,25.9,69.0,Maize,0
40.9,30.6,18.4,145.9,36.2,75.4,Corn,0
38.7,25.9,27.4,372.7,23.3,81.0,Tomato,0
20.4,24.1,15.2,384.4,32.2,79.1,Barley,1
45.0,27.5,23.3,124.3,33.2,33.7,Lettuce,0
21.2,30.8,20.9,334.7,13.3,21.1,Sunflower,1
29.2,25.3,18.0,508.5,6.7,72.8,Beans,0
30.4,21.8,22.8,386.8,19.2,39.0,Potato,0
28.0,18.2,14.5,371.7,20.5,76.2,Tomato,0
10.0,14.6,16.0,402.8,26.2,75.6,Sunflower,1
38.8,15.4,20.8,285.8,22.1,89.6,Barley,0
29.8,33.2,16.4,240.7,28.3,34.9,Tomato,0
31.6,8.0,19.1,121.1,27.1,26.7,Lettuce,0
19.7,27.7,30.8,259.6,23.0,75.5,Barley,1
17.6,17.0,17.0,246.1,34.5,31.2,Onion,1
33.5,21.1,11.3,452.2,27.4,85.8,Carrot,0
31.1,35.4,15.7,221.8,26.3,65.0,Soybean,0
34.1,16.9,18.4,334.6,24.0,70.7,Beans,0
33.9,41.2,30.1,246.5,35.0,89.7,Barley,0
29.6,16.4,22.9,232.9,36.3,35.2,Beans,0
35.0,28.2,14.6,552.1,23.3,30.0,Onion,0
39.3,7.5,14.7,222.0,13.0,53.9,Lettuce,0
24.4,11.7,24.6,276.8,25.5,64.0,Maize,0
17.8,29.7,25.1,406.9,28.0,80.1,Cabbage,1
12.7,29.9,26.0,331.4,23.5,59.4,Onion,1
30.2,13.6,25.6,252.2,27.3,40.5,Peas,0
18.5,23.3,20.1,292.0,28.5,68.0,Beans,1
31.6,32.3,19.7,112.3,34.6,53.6,Corn,0
22.3,16.2,23.7,376.2,28.4,34.2,Soybean,0
18.2,4.8,30.3,197.5,22.6,79.5,Cotton,0
31.9,16.9,19.3,145.4,14.3,52.9,Beans,0
23.4,19.3,26.1,320.8,39.0,83.0,Cotton,0
11.5,26.2,15.9,468.4,25.1,54.6,Sunflower,1
13.8,5.3,9.8,251.6,23.6,34.8,Cotton,1
15.2,22.5,11.1,445.9,35.6,61.0,Sugarcane,1
24.3,17.9,16.6,288.8,20.8,84.0,Carrot,1
35.6,22.0,25.6,363.2,27.7,89.8,Lettuce,0
13.6,9.5,16.9,270.7,25.9,76.7,Cotton,1
18.9,28.3,18.6,320.2,16.0,88.0,Spinach,1
29.8,27.7,21.3,219.5,22.5,32.5,Onion,0
20.0,7.4,21.2,297.3,26.3,26.8,Onion,1
28.3,20.6,23.0,309.7,8.9,55.0,Maize,0
7.5,34.1,18.6,370.9,25.7,27.9,Rice,1
27.5,22.5,22.7,296.7,13.6,51.1,Barley,0
26.5,12.1,16.9,251.4,9.8,79.6,Cabbage,0
41.2,30.5,23.4,315.4,16.8,59.7,Beans,0
44.5,16.6,21.5,344.6,30.0,66.4,Cotton,0
34.3,29.5,26.0,353.4,16.8,59.1,Cabbage,0
23.6,18.3,19.8,420.4,21.3,58.0,Spinach,1
23.0,1.5,23.4,284.9,25.6,79.6,Cabbage,1
23.0,21.3,13.4,299.9,20.2,28.8,Sunflower,0
25.3,9.9,22.4,302.1,14.6,36.9,Beans,0
34.5,17.9,27.4,113.3,22.3,36.5,Cotton,0
8.2,27.5,14.3,258.2,32.7,34.0,Lettuce,1
35.3,24.3,10.6,419.5,28.8,48.5,Corn,0
33.3,10.0,17.7,443.4,30.3,66.9,Peas,0
18.2,30.7,24.6,496.7,21.5,57.7,Corn,1
28.8,34.8,16.1,328.1,24.2,77.5,Cotton,0
22.4,25.8,17.6,365.0,20.5,51.7,Corn,0
18.3,36.6,24.2,339.6,31.0,78.2,Cotton,0
25.1,15.7,33.2,188.2,14.2,67.2,Onion,0
7.5,32.5,24.5,273.4,27.4,39.1,Potato,1
35.7,39.7,22.6,429.0,23.7,84.4,Rice,0
8.7,0.0,14.9,434.8,20.9,44.0,Maize,1
35.4,14.8,21.1,164.8,18.6,36.1,Rice,0
15.6,11.9,21.6,394.3,47.3,43.2,Soybean,1
34.8,42.8,18.9,304.8,17.3,60.4,Potato,0
17.3,10.1,21.5,304.4,31.7,26.3,Rice,1
30.5,18.4,17.2,287.0,25.1,69.9,Potato,0
21.3,11.6,18.2,324.2,25.7,70.4,Wheat,1
29.2,14.6,18.6,320.4,31.4,36.9,Beans,0
14.9,21.6,18.0,321.4,24.3,36.6,Rice,1
8.2,25.9,20.6,108.3,41.8,29.4,Sunflower,1
22.3,36.8,19.9,333.2,25.3,41.6,Rice,1
21.0,12.2,21.4,388.1,28.7,52.8,Sunflower,1
30.7,28.1,19.5,312.3,26.0,88.0,Onion,0
12.7,10.3,9.8,256.7,34.1,20.3,Lettuce,1
40.2,27.3,21.1,226.6,33.0,47.2,Sugarcane,0
23.8,14.1,20.0,318.7,33.9,46.8,Carrot,1
26.1,48.8,33.7,267.8,32.7,55.2,Onion,0
12.5,25.5,23.9,408.0,22.4,84.4,Peas,1
22.3,44.6,15.2,317.7,11.5,26.0,Carrot,1
19.8,21.5,16.9,300.3,29.2,23.6,Barley,1
40.7,13.9,18.5,282.7,14.6,67.3,Cotton,0
14.9,21.2,17.0,307.4,33.0,81.4,Lettuce,1
26.0,18.5,27.1,201.8,25.3,21.6,Onion,0
32.7,31.1,16.7,202.9,15.1,74.9,Carrot,0
10.6,22.9,29.3,252.8,29.9,21.2,Maize,1
45.0,3.2,14.9,356.4,42.4,61.7,Sunflower,0
26.3,0.3,28.0,253.6,28.6,39.5,Carrot,0
8.4,4.0,20.5,356.7,20.6,45.8,Maize,1
10.6,7.2,21.9,311.1,28.1,72.9,Carrot,1
40.6,17.8,21.3,242.1,25.9,77.0,Wheat,0
24.8,37.5,17.5,335.7,34.0,86.2,Carrot,1
30.4,24.7,20.7,315.1,18.8,84.1,Lettuce,0
45.0,5.3,19.1,375.2,23.1,32.2,Spinach,0
21.8,5.1,15.2,306.4,33.6,81.9,Cabbage,1
20.8,26.7,15.5,342.2,23.7,62.0,Lettuce,1
25.6,18.6,22.3,441.4,38.2,80.2,Potato,0
37.0,21.0,26.7,181.7,30.5,21.2,Barley,0
25.4,8.9,23.3,260.8,26.7,51.6,Onion,0
42.3,11.8,15.4,276.4,31.6,71.0,Cabbage,0
30.5,22.9,22.2,363.3,26.6,60.3,Peas,0
23.6,33.8,23.7,348.6,36.8,53.8,Onion,1
23.2,40.1,21.5,215.8,35.7,60.0,Carrot,1
18.4,14.1,15.8,474.2,24.9,76.5,Wheat,1
24.6,28.4,24.7,255.4,17.0,88.0,Potato,0
36.2,34.1,23.6,166.5,35.1,42.5,Sugarcane,0
32.2,31.1,16.0,431.8,31.1,40.5,Soybean,0
24.8,24.4,23.6,373.6,36.6,38.3,Soybean,0
24.9,25.9,22.4,348.1,34.7,39.6,Cotton,0
22.1,10.1,18.4,181.8,23.3,46.4,Sunflower,0
21.6,29.8,10.4,263.4,30.1,63.6,Sugarcane,1
27.1,25.2,23.4,542.6,16.8,60.6,Potato,0
16.1,26.1,21.5,231.5,17.6,81.0,Peas,1
24.0,23.2,15.6,386.9,48.6,43.0,Spinach,1
29.9,9.7,24.4,250.1,22.9,68.0,Rice,1
18.4,4.1,22.5,434.2,19.7,77.2,Lettuce,1
17.0,32.3,13.8,150.2,43.7,83.0,Soybean,1
21.5,14.9,15.6,242.5,13.3,31.1,Peas,1
33.8,24.2,16.3,314.2,31.3,33.0,Rice,0
29.7,23.8,18.0,282.2,25.6,65.0,Barley,0
16.6,0.0,16.4,371.6,32.5,62.5,Sugarcane,1
32.6,6.6,31.5,382.0,17.5,41.1,Barley,0
30.3,15.4,15.0,347.9,26.5,25.3,Rice,0
26.7,32.7,10.4,360.8,23.5,66.7,Onion,0
9.9,0.0,22.3,374.7,18.7,75.8,Cabbage,1
34.5,23.9,26.9,337.8,38.7,23.9,Maize,0
8.8,26.2,19.2,387.1,39.7,68.9,Beans,1
22.1,30.1,22.1,136.1,39.7,53.9,Onion,1
15.4,30.1,24.0,213.5,26.5,60.1,Corn,1
25.3,29.7,17.4,316.8,33.7,45.1,Onion,0
35.3,14.8,20.1,209.9,21.0,29.7,Potato,0
20.8,31.9,13.4,346.6,30.8,59.7,Maize,1
23.6,7.8,24.8,414.0,34.9,62.4,Carrot,1
23.4,15.3,13.2,468.1,24.8,50.9,Soybean,0
20.5,18.2,23.9,218.7,22.5,81.8,Peas,1
30.7,28.8,23.9,410.9,34.9,37.7,Barley,0
5.0,24.5,17.4,225.3,29.5,49.5,Barley,1
40.3,23.7,17.6,339.3,34.2,42.3,Wheat,0
25.8,15.8,24.0,199.0,30.4,85.4,Maize,0
5.0,5.8,17.7,486.6,19.0,57.1,Potato,1
23.7,28.6,16.8,417.9,35.7,49.5,Peas,1
17.0,14.9,16.7,440.3,22.0,84.4,Spinach,1
26.5,16.3,17.6,364.3,26.8,51.2,Spinach,0
18.9,6.4,15.4,167.8,34.3,43.1,Sunflower,1
36.5,7.6,22.8,140.8,36.5,27.1,Barley,0
29.9,8.9,18.3,288.1,10.9,45.5,Sugarcane,1
39.3,2.3,19.0,275.1,32.8,39.3,Beans,0
26.7,17.7,10.4,242.0,30.5,74.6,Maize,0
39.4,8.5,13.9,117.3,25.2,51.1,Sunflower,0
31.6,34.9,14.3,361.0,22.5,24.6,Rice,0
19.8,3.9,28.3,335.3,37.5,36.0,Peas,1
21.6,12.9,19.1,218.3,25.5,70.6,Wheat,1
25.9,15.5,20.8,274.5,20.7,86.3,Carrot,0
39.0,24.3,15.9,386.2,23.2,21.3,Beans,0
5.5,37.2,18.6,317.3,35.0,53.2,Beans,1
20.6,31.9,20.3,254.2,34.1,48.1,Maize,1
33.6,0.0,22.7,429.0,6.5,88.7,Rice,0
21.0,3.5,20.1,524.4,26.8,53.7,Sunflower,1
22.8,51.1,23.6,237.2,13.8,21.9,Beans,1
18.1,16.9,17.1,390.1,24.2,52.7,Tomato,1
12.0,15.1,20.2,286.4,40.8,75.4,Maize,1
16.7,9.7,18.7,411.1,38.7,20.4,Tomato,1
22.3,13.6,26.6,343.3,25.2,67.2,Tomato,1
31.1,10.5,31.6,381.2,31.6,23.0,Barley,0
34.3,26.8,29.0,297.1,25.4,89.5,Barley,0
21.0,9.3,19.2,320.4,11.2,75.1,Soybean,1
17.3,14.5,20.2,244.8,19.7,65.9,Sugarcane,1
10.4,31.3,11.8,336.2,33.4,30.5,Lettuce,1
11.8,33.2,22.6,402.4,32.8,35.0,Sunflower,1
26.4,29.4,21.7,375.6,15.7,77.2,Peas,0
20.1,27.7,20.9,271.7,33.8,70.4,Sunflower,1
13.6,14.2,19.1,325.8,31.9,22.4,Peas,1
28.1,37.5,15.0,446.2,17.4,37.8,Rice,1
35.7,22.4,18.5,239.0,29.7,25.0,Sunflower,0
24.9,19.9,25.6,443.6,15.5,43.9,Sunflower,0
45.0,21.1,24.0,200.0,15.6,64.6,Sunflower,0
12.0,14.0,13.6,230.3,30.6,75.1,Lettuce,1
22.2,40.0,25.4,182.6,31.5,80.4,Sugarcane,1
25.2,18.3,20.0,233.4,33.1,73.6,Rice,1
14.2,10.5,30.0,267.3,19.7,73.1,Soybean,1
23.4,31.4,21.0,350.2,25.3,75.9,Maize,0
30.3,34.1,14.8,216.8,48.6,73.6,Lettuce,0
15.0,34.1,7.9,376.5,23.4,79.6,Potato,1
36.3,16.4,12.1,248.6,42.5,20.5,Carrot,0
41.4,25.5,23.9,357.8,19.7,44.3,Cabbage,0
28.3,25.3,15.8,297.4,19.6,59.9,Maize,0
40.1,12.3,14.3,269.8,35.3,41.8,Sugarcane,0
34.7,17.0,14.3,169.1,17.7,77.6,Sunflower,0
28.5,5.1,20.0,197.4,28.2,33.3,Cabbage,0
8.2,23.4,16.1,294.3,16.4,78.7,Cotton,1
25.0,17.6,16.1,438.3,7.2,89.4,Sunflower,0
19.4,18.8,19.1,337.4,28.9,80.3,Spinach,1
34.8,23.2,19.8,346.3,30.5,82.2,Sunflower,0
24.4,27.7,18.9,194.0,35.8,60.2,Spinach,1
44.2,8.6,15.7,320.3,7.9,79.8,Cabbage,0
7.0,10.2,20.4,285.7,29.2,49.4,Cabbage,1
23.6,10.2,14.7,373.5,25.2,75.0,Spinach,1
5.0,8.6,14.9,218.4,21.6,49.3,Cabbage,1
35.0,14.0,33.2,131.8,46.5,51.0,Lettuce,0
5.0,18.5,26.9,256.2,34.1,30.1,Beans,1
21.9,9.0,23.6,388.2,25.2,55.9,Cabbage,1
25.2,28.6,25.0,452.8,16.1,43.9,Cotton,0
15.4,16.6,22.2,416.5,21.8,74.5,Sunflower,1
22.3,13.6,12.2,210.7,21.8,67.8,Tomato,1
19.2,5.4,24.8,404.8,20.3,76.5,Beans,1
23.0,14.3,30.4,246.4,28.5,80.0,Cotton,0
26.5,28.8,21.3,322.5,25.5,27.0,Tomato,0
7.1,5.8,24.0,256.2,18.2,79.7,Peas,1
26.4,23.2,22.8,353.4,29.2,28.4,Rice,1
31.0,20.3,30.1,278.4,30.6,47.9,Beans,0
25.2,22.7,15.5,463.6,17.5,42.0,Beans,0
40.5,29.2,17.2,339.3,32.7,46.8,Soybean,0
26.5,5.6,18.7,392.4,14.4,45.1,Beans,0
29.7,4.7,20.8,378.1,25.4,61.9,Carrot,0
25.8,31.9,17.9,260.6,22.7,55.1,Wheat,0
40.7,27.3,19.5,235.3,31.2,81.1,Sunflower,0
17.1,15.4,18.7,130.8,37.0,54.7,Beans,1
19.3,15.2,17.7,252.1,25.0,58.1,Beans,1
26.3,12.3,19.2,434.8,28.0,21.1,Soybean,0
20.0,15.0,16.0,465.5,30.7,33.4,Sugarcane,1
34.6,18.8,16.3,295.5,31.9,83.8,Barley,0
32.1,23.9,24.2,403.0,33.0,46.6,Cabbage,0
34.7,20.6,19.7,444.3,37.5,84.5,Sugarcane,0
25.8,3.9,18.3,460.0,19.0,62.7,Rice,1
45.0,21.7,21.9,208.3,15.4,46.9,Beans,0
17.5,25.6,22.1,337.6,35.1,32.0,Beans,1
31.5,10.3,25.3,412.8,35.8,24.1,Tomato,0
40.4,24.3,17.3,304.3,27.1,35.4,Onion,0
45.0,19.3,9.8,199.3,20.2,53.5,Corn,0
23.9,19.4,31.3,255.9,18.0,45.9,Tomato,1
40.7,16.3,24.3,361.1,41.0,39.5,Cotton,0
13.0,21.3,18.6,230.5,24.5,48.0,Cabbage,1
14.7,19.6,25.9,333.7,22.2,50.1,Cotton,1
36.8,27.5,23.0,455.4,17.2,27.2,Potato,0
20.3,16.0,13.3,220.1,16.4,47.3,Potato,0
21.4,40.3,25.5,281.1,32.0,28.3,Sunflower,1
12.7,17.8,23.0,174.6,21.8,61.5,Lettuce,1
34.1,24.6,19.1,173.4,15.7,80.3,Spinach,0
15.3,30.6,11.8,230.7,19.2,56.4,Sunflower,1
18.8,32.9,15.5,276.1,19.9,31.1,Carrot,1
20.0,18.4,27.2,345.7,34.9,78.2,Peas,1
20.1,14.9,20.6,241.8,8.8,64.2,Peas,1
36.9,21.1,14.8,339.5,38.6,86.4,Corn,0
33.1,25.5,15.7,452.3,35.8,47.8,Maize,0
7.2,14.3,10.4,252.4,21.3,49.7,Spinach,1
26.1,43.8,16.8,266.4,19.3,26.1,Carrot,0
39.3,13.4,15.5,174.3,22.8,87.5,Peas,0
21.4,20.7,20.9,262.7,9.1,57.7,Carrot,1
29.4,39.6,24.5,284.8,29.8,41.1,Barley,0
39.5,0.0,21.4,384.2,30.5,65.0,Cotton,0
40.6,34.8,21.9,54.0,28.5,59.2,Sunflower,0
18.6,28.5,15.7,215.8,34.5,51.7,Spinach,1
29.4,34.2,18.7,359.2,24.5,30.3,Carrot,0
32.4,11.8,20.9,242.3,30.4,64.5,Peas,0
13.9,7.2,18.1,220.0,27.6,78.0,Barley,1
7.9,32.0,14.0,378.7,34.3,55.5,Potato,1
15.2,18.3,20.0,297.2,25.7,38.1,Peas,1
17.2,31.7,14.9,206.9,14.7,39.0,Onion,1
11.4,18.7,18.2,395.7,18.3,30.3,Potato,1
22.4,16.0,12.2,366.1,24.2,52.0,Sugarcane,1
30.1,11.7,6.2,319.9,32.0,81.7,Potato,0
31.4,11.5,30.2,332.1,28.4,46.8,Spinach,0
15.1,20.6,15.8,236.3,15.9,65.1,Cotton,1
9.1,26.9,15.6,341.2,31.5,88.0,Maize,1
38.1,23.3,15.4,180.2,17.7,61.4,Wheat,0
27.2,10.1,18.3,194.5,24.7,72.7,Corn,0
19.1,59.0,31.5,278.9,28.4,43.2,Soybean,1
36.3,11.7,22.0,322.9,27.5,52.7,Potato,0
5.0,37.9,21.8,177.0,30.9,22.9,Cotton,1
26.7,15.8,24.7,267.2,17.2,49.6,Barley,0
31.0,31.7,18.8,380.6,22.0,45.4,Potato,0
44.1,20.1,16.2,381.1,23.0,73.4,Cotton,0
31.0,13.0,22.4,251.1,22.7,80.6,Maize,0
34.2,25.6,19.5,314.0,32.2,20.6,Corn,0
34.3,10.6,23.6,298.4,22.9,32.1,Cabbage,0
34.7,12.7,25.8,160.7,21.1,25.7,Sugarcane,0
44.6,13.7,15.7,345.4,32.2,47.1,Sugarcane,0
37.0,22.8,22.8,252.4,23.4,34.0,Rice,0
16.7,14.7,22.3,278.4,29.1,32.4,Sunflower,1
31.8,27.8,19.8,301.5,25.1,65.4,Tomato,0
40.1,27.4,17.4,244.6,31.4,71.1,Tomato,0
27.9,15.0,19.0,399.3,11.5,81.4,Barley,0
17.6,36.7,25.4,221.6,4.6,82.4,Cotton,1
24.1,14.5,14.4,457.7,4.3,66.6,Peas,1
18.3,3.2,22.6,425.9,35.2,69.4,Cabbage,1
18.0,0.0,21.7,431.9,12.2,28.9,Peas,1
21.3,26.8,18.9,461.9,29.4,81.6,Lettuce,1
35.7,35.5,20.1,372.9,13.2,72.9,Carrot,0
23.6,0.0,18.5,362.8,26.9,86.3,Soybean,0
32.8,14.0,5.9,409.9,31.1,87.9,Soybean,0
40.7,23.7,17.0,365.5,23.4,21.6,Beans,0
41.7,17.7,27.6,299.5,27.7,40.5,Beans,0
24.7,32.1,33.2,340.0,32.9,25.2,Soybean,0
35.7,0.3,25.3,285.5,22.3,26.4,Sunflower,0
33.3,18.7,22.6,297.0,35.1,25.2,Beans,0
28.5,16.8,23.6,252.9,40.2,75.3,Carrot,0
10.6,17.3,21.2,257.9,7.5,82.7,Potato,1
26.6,11.6,17.8,237.0,17.2,89.6,Lettuce,0
24.0,25.7,22.5,299.2,25.5,81.2,Potato,0
39.4,25.2,13.2,482.7,24.0,40.6,Potato,0
13.1,18.5,18.7,203.5,32.8,55.8,Soybean,1
15.2,12.5,18.1,207.2,22.5,59.3,Sunflower,1
35.7,35.3,13.2,248.5,35.7,31.3,Potato,0
30.9,22.3,18.7,229.5,16.4,70.4,Potato,0
38.7,32.1,16.9,162.5,34.1,66.5,Lettuce,0
28.8,37.5,15.4,423.7,29.3,76.3,Corn,0
11.9,7.5,17.7,420.9,27.6,23.4,Maize,1
25.4,10.9,12.6,270.0,18.1,49.8,Peas,0
19.9,8.3,23.7,382.3,43.9,38.2,Sugarcane,1
23.9,25.7,19.3,400.6,36.3,65.9,Carrot,1
35.9,9.0,23.9,421.1,42.1,42.3,Maize,0
27.1,21.9,29.6,391.4,36.5,58.6,Lettuce,0
27.9,25.9,23.5,252.8,28.9,39.0,Potato,0
21.5,24.3,19.0,247.3,36.3,47.8,Lettuce,1
25.8,20.5,18.1,403.5,32.2,77.0,Onion,0
32.6,12.0,29.5,245.6,18.9,78.8,Wheat,0
28.2,13.2,21.0,158.7,27.4,36.3,Corn,0
31.7,25.6,15.1,259.4,26.2,77.8,Cotton,0
38.9,17.9,21.4,424.1,19.4,34.6,Cabbage,0
35.1,33.1,25.2,403.6,24.3,81.5,Corn,0
27.8,20.2,23.6,306.2,28.6,75.5,Cabbage,0
32.1,24.2,19.2,305.6,28.5,46.5,Spinach,0
31.7,0.0,22.2,448.3,26.0,57.8,Corn,0
37.0,12.5,19.3,273.0,26.5,64.1,Lettuce,0
22.0,18.2,23.4,459.6,20.6,40.5,Spinach,1
40.9,9.6,19.9,202.3,13.4,41.0,Wheat,0
22.1,10.6,16.5,500.6,28.4,70.8,Barley,0
12.9,8.7,18.3,289.7,31.1,75.7,Carrot,1
18.7,16.2,19.1,50.0,26.8,29.7,Wheat,1
23.0,44.2,22.3,469.6,23.0,54.4,Cotton,0
38.6,14.6,13.4,269.1,25.7,50.6,Peas,0
25.6,1.9,17.9,331.1,29.1,80.5,Carrot,0
30.9,20.5,14.8,114.8,20.6,78.4,Barley,0
34.6,21.7,18.0,273.0,36.0,65.8,Sunflower,0
25.0,25.0,21.0,405.1,22.8,83.6,Tomato,1
24.7,21.4,15.0,359.5,23.3,35.0,Peas,1
5.0,40.1,26.3,318.8,29.1,75.0,Lettuce,1
25.1,33.1,18.7,257.9,34.9,37.3,Rice,1
10.9,29.4,9.6,287.7,16.8,51.9,Onion,1
29.2,21.2,24.1,332.3,41.6,24.9,Peas,0
34.2,21.5,19.0,238.0,23.2,38.6,Peas,0
41.3,9.6,14.6,209.4,26.1,51.0,Carrot,0
40.4,6.8,18.3,328.0,16.9,54.5,Rice,0
20.7,17.8,16.7,311.6,11.0,84.1,Peas,1
28.2,23.2,21.0,162.7,28.6,35.4,Potato,0
20.4,23.4,28.9,243.7,20.0,69.4,Rice,1
23.7,10.8,16.1,372.6,21.9,56.3,Corn,0
18.1,26.5,27.5,106.3,19.3,78.6,Lettuce,1
26.4,22.0,9.6,535.8,24.9,29.7,Spinach,0
20.5,28.0,25.8,303.5,32.9,25.8,Barley,1
41.5,10.3,11.9,285.3,29.9,54.7,Corn,0
32.6,25.0,17.4,299.4,16.2,48.2,Tomato,0
39.9,34.2,18.1,289.9,23.7,31.2,Wheat,0
31.0,0.0,15.2,50.0,18.4,27.3,Barley,0
19.7,3.3,26.2,333.8,15.5,74.5,Spinach,1
30.5,22.2,25.0,341.8,12.3,57.0,Onion,0
45.0,27.4,21.5,280.0,36.9,86.8,Corn,0
25.6,33.7,20.9,223.5,35.2,89.0,Wheat,0
27.1,20.0,16.3,216.6,17.5,77.5,Barley,0
29.3,21.3,22.8,295.8,29.5,21.7,Barley,0
34.2,8.6,27.8,153.0,23.9,65.5,Spinach,0
5.0,18.3,19.0,210.4,34.7,89.8,Onion,1
42.0,16.0,20.6,238.3,14.9,41.7,Sugarcane,0
37.5,24.3,15.2,213.6,17.0,47.2,Lettuce,0
6.2,28.0,25.8,176.5,37.4,30.2,Spinach,1
27.1,37.5,20.8,357.7,17.4,61.2,Maize,0
34.8,28.2,23.9,328.5,28.8,43.8,Lettuce,0
21.2,30.6,22.4,400.7,12.2,84.6,Corn,1
25.6,16.2,19.7,215.6,26.9,39.9,Barley,0
34.8,21.4,27.1,417.7,26.7,80.6,Sugarcane,0
28.5,45.9,25.2,299.5,14.5,84.3,Cotton,0
35.8,16.1,28.0,338.2,32.4,69.4,Carrot,0
13.4,21.1,27.6,335.8,24.2,31.2,Beans,1
15.6,22.3,18.7,104.3,15.6,78.8,Soybean,1
36.6,17.3,17.3,209.3,28.0,67.4,Sugarcane,0
26.4,18.2,22.8,442.9,29.1,39.5,Soybean,0
17.7,21.5,22.8,240.7,27.2,73.4,Potato,1
45.0,32.0,24.7,264.7,20.0,41.2,Wheat,0
22.2,29.1,22.8,348.8,16.6,62.4,Soybean,0
36.0,17.3,20.0,301.6,10.3,77.0,Barley,0
27.4,19.7,19.1,284.3,22.4,65.1,Carrot,0
44.8,22.8,14.8,286.9,31.2,46.7,Peas,0
45.0,16.8,23.6,298.4,24.4,55.6,Sunflower,0
23.4,9.2,27.7,368.1,20.7,36.9,Peas,1
32.3,25.0,18.5,281.3,18.2,48.5,Wheat,0
31.1,8.1,28.7,427.7,9.7,34.9,Beans,0
17.0,18.7,22.1,281.5,29.3,46.6,Cotton,1
27.2,5.3,24.1,297.1,42.2,42.4,Barley,0
39.1,10.5,23.9,244.7,27.4,71.1,Rice,0
45.0,20.6,27.0,414.4,12.5,20.3,Cabbage,0
11.5,21.3,11.5,178.7,39.9,81.4,Maize,1
27.1,3.6,20.3,276.5,42.6,59.9,Tomato,0
25.3,22.3,21.6,414.7,16.2,77.3,Lettuce,0
34.9,5.9,21.3,471.6,24.2,35.7,Rice,0
29.8,18.1,10.2,287.7,38.5,42.0,Tomato,0
31.6,29.9,24.8,303.7,29.6,41.7,Onion,0
30.3,29.1,13.5,239.6,26.7,40.1,Cabbage,0
17.1,2.5,16.5,256.3,29.0,71.4,Peas,1
5.0,26.5,17.5,265.9,32.8,46.2,Rice,1
22.5,7.4,18.6,301.9,25.4,31.0,Sugarcane,1
37.7,12.1,20.1,475.5,21.0,24.1,Sugarcane,0
13.2,15.0,20.6,368.8,33.1,46.2,Sunflower,1
14.5,19.6,20.3,282.3,18.8,37.2,Cabbage,1
36.2,8.6,26.1,157.6,13.9,64.5,Soybean,0
33.4,10.5,13.5,231.6,31.2,67.7,Corn,0
14.6,30.3,16.1,186.0,31.5,61.2,Wheat,1
30.7,12.6,18.1,318.7,29.7,21.9,Lettuce,0
40.5,31.2,22.3,234.1,18.3,78.0,Potato,0
15.3,17.0,21.4,361.4,25.1,77.2,Cabbage,1
25.7,9.8,13.2,469.4,32.1,24.8,Onion,0
18.9,26.6,9.5,175.4,16.3,39.7,Corn,1
31.8,30.9,22.6,104.6,16.5,83.5,Corn,0
23.4,20.4,20.3,323.8,23.0,80.4,Lettuce,1
24.2,19.7,19.8,429.8,16.1,44.2,Spinach,1
42.8,32.2,22.0,479.8,24.8,87.9,Carrot,0
5.0,26.2,20.1,430.1,16.2,77.4,Onion,1
21.3,21.4,24.7,416.0,33.5,52.2,Beans,1
40.2,26.6,20.4,234.0,24.8,61.5,Cabbage,0
41.4,19.6,16.5,307.9,22.4,61.1,Tomato,0
35.5,24.4,17.4,325.6,19.6,36.6,Beans,0
30.5,26.8,20.1,450.9,26.0,38.8,Spinach,0
40.6,18.4,21.2,327.3,37.7,40.2,Onion,0
19.2,10.4,17.6,251.3,19.2,51.2,Cotton,0
26.8,23.3,21.0,331.0,44.3,64.0,Cabbage,0
31.8,21.1,13.1,61.6,26.1,31.0,Corn,0
19.6,17.4,17.1,327.2,26.4,66.0,Rice,1
33.0,13.2,20.8,139.5,21.2,54.1,Carrot,0
15.0,21.9,21.9,260.0,28.7,50.7,Lettuce,1
37.3,18.5,19.2,355.0,16.2,27.5,Rice,0
12.3,20.5,12.5,330.5,29.5,75.0,Sugarcane,1
26.8,16.1,13.5,255.2,16.5,65.2,Sunflower,0
23.3,15.2,17.1,269.0,13.8,64.4,Soybean,0
15.4,8.5,27.5,309.2,23.7,88.5,Sunflower,1
24.6,19.7,22.6,114.1,34.6,63.6,Tomato,1
6.0,24.7,28.1,418.3,31.5,29.3,Beans,1
38.6,23.8,23.9,386.1,11.9,61.5,Carrot,0
27.1,25.1,13.2,357.1,29.4,24.2,Onion,0
33.7,24.1,29.3,319.0,25.5,87.3,Onion,0
22.4,10.8,24.7,252.2,25.0,43.7,Carrot,1
10.4,20.9,16.4,399.7,12.2,49.8,Maize,1
30.7,25.8,21.6,300.4,27.3,76.6,Beans,0
7.7,36.0,22.0,313.7,36.8,72.7,Wheat,1
26.5,25.9,21.6,386.6,21.8,86.2,Rice,1
26.4,24.8,26.3,248.6,17.8,58.1,Barley,0
19.5,18.3,26.4,242.8,32.6,60.3,Peas,1
35.2,16.7,23.1,243.8,27.4,38.3,Tomato,0
20.2,9.8,26.5,54.1,19.9,86.3,Beans,1
39.3,8.6,22.3,321.8,22.1,51.9,Rice,0
31.4,29.2,19.4,269.5,7.3,83.3,Lettuce,0
17.2,8.6,23.4,275.6,22.7,68.8,Lettuce,1
24.9,8.7,17.6,320.3,25.1,51.2,Sunflower,0
29.8,17.2,26.6,276.4,23.3,35.8,Onion,0
25.0,10.1,25.9,312.6,16.7,35.8,Sugarcane,1
27.0,40.2,11.7,394.5,28.9,83.4,Cabbage,0
20.0,36.1,20.0,223.2,25.4,42.8,Sugarcane,1
34.4,33.1,25.0,554.5,34.3,84.1,Soybean,0
26.7,28.0,20.7,275.2,16.7,26.2,Peas,0
26.5,8.0,15.5,227.1,9.8,29.8,Potato,0
36.3,34.6,16.5,325.1,18.4,50.6,Sunflower,0
20.5,29.0,21.7,314.0,8.9,38.8,Barley,1
37.7,31.3,26.2,415.5,23.0,70.0,Beans,0
25.8,0.0,22.8,202.1,23.7,32.5,Beans,0
19.9,17.0,9.4,342.2,15.6,36.5,Spinach,1
6.5,2.7,22.7,239.6,21.9,87.4,Sunflower,1
25.7,27.0,15.7,331.7,18.5,73.2,Cotton,0
28.2,21.7,30.1,323.8,29.3,32.2,Cabbage,0
28.7,24.8,20.6,215.8,21.6,86.4,Onion,0
32.3,8.5,17.7,359.7,32.0,83.2,Peas,0
23.1,33.5,25.7,327.8,18.4,43.6,Rice,1
6.2,21.8,31.8,427.1,33.9,47.3,Rice,1
27.5,30.1,20.8,307.4,33.1,28.0,Wheat,0
41.2,17.2,24.6,436.0,26.7,88.7,Rice,0
27.6,38.0,13.5,167.5,31.5,80.2,Wheat,0
14.6,12.1,27.4,473.6,16.6,40.0,Lettuce,1
29.0,0.0,30.7,409.8,19.8,26.6,Tomato,0
27.8,16.0,24.7,265.9,23.4,43.5,Soybean,0
18.4,15.1,23.5,290.4,29.2,29.9,Rice,1
18.0,11.4,9.5,314.0,15.0,42.9,Barley,1
23.3,18.3,10.1,300.0,31.7,78.2,Cotton,0
35.2,9.1,17.6,377.8,31.3,33.7,Potato,0
13.9,5.1,25.0,183.4,37.2,44.6,Maize,1
10.4,17.2,19.4,78.9,19.3,77.6,Carrot,1
28.0,42.6,22.5,305.6,30.2,64.7,Barley,0
34.3,33.8,26.0,390.9,21.8,72.2,Sunflower,0
37.6,17.9,24.6,458.2,38.6,46.5,Barley,0
39.4,26.9,23.3,341.5,23.3,64.9,Soybean,0
9.5,23.0,14.3,280.0,32.6,66.8,Barley,1
11.3,20.1,21.2,199.6,40.5,41.4,Cotton,1
25.6,20.6,18.7,378.3,23.9,64.9,Potato,0
29.4,17.5,20.8,347.4,13.6,78.3,Spinach,0
26.6,12.6,17.0,466.3,34.8,86.8,Potato,0
27.0,45.4,16.4,296.3,10.7,39.2,Sugarcane,1
21.2,26.7,19.5,254.5,27.7,39.0,Barley,1
30.6,19.3,13.5,349.4,17.0,43.8,Maize,0
31.5,16.4,23.4,317.6,25.2,30.2,Sunflower,0
37.2,29.0,12.0,308.1,23.1,71.8,Carrot,0
29.4,16.7,11.4,220.3,21.3,40.4,Beans,0
20.4,30.9,17.8,88.4,35.2,42.9,Sugarcane,1
32.3,19.9,17.2,384.9,16.3,65.8,Carrot,0
29.6,27.7,20.1,123.0,21.3,89.8,Soybean,0
15.8,31.5,26.9,286.3,29.2,78.3,Carrot,1
40.9,37.0,28.4,481.7,19.9,61.5,Spinach,0
6.9,19.4,15.7,109.9,19.0,54.4,Wheat,1
21.3,5.8,20.1,201.4,32.4,73.3,Wheat,1
35.7,18.6,13.5,418.5,37.9,24.9,Cabbage,0
30.0,17.2,18.1,217.7,33.1,49.5,Soybean,0
18.9,17.8,22.2,222.9,27.6,47.5,Tomato,1
29.6,5.9,30.1,326.9,21.7,34.2,Cotton,0
22.0,23.0,25.6,148.9,19.9,60.0,Carrot,1
14.2,15.8,15.4,220.3,10.0,56.1,Onion,1
24.9,10.7,23.3,311.2,16.9,33.9,Beans,1
5.0,23.2,16.0,409.5,25.1,59.4,Wheat,1
18.0,20.7,7.5,357.3,17.2,49.3,Corn,1
27.3,17.9,27.0,343.5,28.9,58.5,Onion,0
29.6,22.4,14.4,388.6,8.7,54.9,Corn,0
26.4,13.5,14.3,444.4,26.7,84.8,Lettuce,0
27.7,18.2,12.4,246.5,29.8,41.8,Sugarcane,1
29.7,14.9,24.0,243.2,12.5,22.8,Lettuce,0
38.7,9.0,32.3,251.1,42.1,65.1,Onion,0
12.8,27.7,16.6,324.3,29.3,73.1,Peas,1
13.2,29.3,18.0,342.3,37.0,22.2,Potato,1
30.3,17.0,19.6,295.1,27.3,49.2,Cabbage,0
22.0,19.6,25.0,456.7,22.7,69.4,Sunflower,0
30.2,21.4,21.1,358.2,15.2,78.0,Peas,0
32.6,24.9,25.1,207.7,20.2,25.4,Tomato,0
36.8,17.5,27.9,318.3,26.3,58.5,Onion,0
17.5,14.1,21.7,347.7,21.4,87.5,Sunflower,1
14.3,1.0,14.0,293.8,34.0,32.8,Cabbage,1
20.2,15.1,20.8,298.9,24.7,68.5,Maize,1
45.0,21.8,20.8,171.0,13.5,65.0,Maize,0
7.2,22.8,9.4,384.7,15.7,45.7,Potato,1
22.0,10.7,16.1,307.5,26.7,32.5,Rice,1
10.8,37.4,18.4,286.1,28.7,74.9,Carrot,1
28.7,13.2,11.4,243.0,24.1,53.9,Sugarcane,1
38.9,18.1,25.8,310.3,33.6,88.3,Peas,0
26.6,12.3,20.2,266.9,35.4,57.9,Barley,0
11.4,19.7,20.2,322.5,19.2,47.6,Sugarcane,1
26.5,10.0,13.3,256.0,14.3,54.6,Sunflower,0
31.7,20.8,22.4,385.3,24.1,83.0,Spinach,0
31.2,1.9,19.5,223.8,36.6,71.7,Cabbage,0
40.1,24.6,18.3,363.1,31.0,79.3,Sugarcane,0
9.5,15.5,15.6,361.2,16.9,42.3,Peas,1
44.4,15.0,18.0,52.7,16.5,45.2,Carrot,0
20.1,13.0,12.8,333.1,38.7,88.2,Rice,1
6.9,31.8,18.1,152.3,17.4,51.4,Cabbage,1
23.6,22.2,10.7,404.3,31.0,84.7,Barley,0
44.0,13.6,26.5,301.3,14.8,65.6,Carrot,0
34.0,14.0,17.3,302.3,32.0,34.0,Tomato,0
11.3,16.3,20.9,472.7,37.3,41.2,Lettuce,1
25.5,26.4,29.3,428.6,22.9,25.5,Soybean,0
29.0,6.1,15.7,277.8,21.8,42.5,Lettuce,0
22.2,31.4,23.7,96.8,38.7,38.6,Spinach,1
19.8,22.7,22.1,471.4,31.8,40.6,Onion,1
22.6,24.4,19.2,319.6,37.7,64.8,Lettuce,1
21.2,5.2,21.2,307.2,22.4,70.0,Potato,0
5.0,30.9,20.8,107.9,27.4,78.3,Cotton,1
25.9,21.6,22.1,236.4,33.7,52.2,Barley,0
17.5,0.0,15.3,205.4,26.3,51.4,Sunflower,1
18.9,15.9,22.3,548.4,33.9,49.8,Onion,1
30.7,18.1,29.2,169.7,19.1,49.6,Corn,0
45.0,23.8,16.5,169.5,35.1,33.0,Spinach,0
45.0,12.6,10.9,355.9,37.9,52.5,Sunflower,0
33.1,13.9,20.6,266.9,30.3,29.7,Sugarcane,0
30.8,32.9,30.4,407.2,26.6,65.3,Wheat,0
30.6,26.5,26.5,468.1,37.1,83.4,Corn,0
21.8,4.7,18.4,395.6,19.1,27.0,Carrot,1
5.0,24.9,20.5,402.6,34.9,37.5,Soybean,1
14.4,14.6,29.8,328.2,42.0,45.5,Cotton,1
23.8,38.6,23.2,335.6,29.1,45.4,Corn,0
23.7,12.5,20.0,232.4,16.9,51.6,Cotton,0
8.8,41.1,17.9,527.6,31.6,58.2,Lettuce,1
40.0,21.7,15.5,487.2,20.2,36.0,Corn,0
13.8,30.9,10.5,222.5,20.6,40.7,Peas,1
23.1,33.7,19.0,184.9,21.4,54.1,Corn,0
12.4,32.2,24.3,515.7,21.3,34.7,Peas,1
23.7,20.0,12.1,424.0,23.8,71.5,Soybean,0
14.9,22.4,30.2,202.6,19.6,86.7,Wheat,1
20.3,10.7,26.0,287.8,24.1,85.2,Lettuce,1
31.8,16.5,22.6,330.2,9.4,39.5,Peas,0
27.2,22.0,25.3,320.1,44.7,73.1,Beans,0
27.3,17.9,17.0,181.2,28.8,30.4,Soybean,0
19.3,16.4,24.2,348.4,23.8,85.7,Tomato,1
30.6,13.3,16.7,315.1,26.2,66.3,Onion,0
33.3,13.1,18.7,354.7,30.3,89.3,Rice,0
36.9,42.0,21.7,276.6,32.8,49.3,Corn,0
15.1,4.7,12.4,172.4,24.6,78.5,Onion,1
18.7,27.3,28.3,215.2,13.8,26.3,Barley,1
17.3,37.2,21.7,120.2,12.3,35.8,Beans,1
21.6,21.8,16.4,308.2,32.6,29.4,Tomato,1
19.0,19.2,27.2,308.6,25.8,78.0,Tomato,1
45.0,14.1,25.3,231.6,17.4,69.5,Carrot,0
33.7,16.4,18.5,367.4,10.3,51.7,Corn,0
22.8,19.1,18.9,217.3,28.2,41.0,Peas,1
33.1,24.4,25.5,362.8,25.1,23.3,Wheat,0
5.0,19.5,17.9,352.7,25.8,60.2,Spinach,1
5.0,24.1,13.0,290.4,15.4,72.1,Peas,1
25.0,17.0,23.9,226.5,27.8,72.1,Cabbage,0
11.1,34.5,15.3,372.5,30.9,27.1,Onion,1
29.0,28.3,13.2,354.9,37.9,79.0,Beans,0
20.7,0.0,27.1,50.0,37.7,56.7,Barley,1
32.4,10.9,15.4,341.1,15.5,77.2,Potato,0
24.8,19.1,16.9,356.0,27.5,69.6,Cabbage,1
27.8,12.4,17.4,309.2,34.2,42.9,Wheat,0
5.0,18.8,12.2,331.4,32.9,35.7,Barley,1
28.8,28.8,20.0,375.4,36.4,22.2,Rice,1
25.1,15.9,26.1,372.7,12.0,37.4,Sunflower,0
37.6,16.0,28.0,154.3,22.0,55.5,Beans,0
13.7,14.9,25.0,263.2,18.3,83.5,Corn,1
37.1,27.1,17.6,449.8,20.5,34.1,Carrot,0
41.7,31.4,25.4,379.4,29.2,60.6,Cabbage,0
12.6,32.6,24.0,355.0,11.5,24.2,Cotton,1
24.1,14.4,21.3,258.4,22.8,64.0,Tomato,1
29.6,23.0,23.0,333.3,38.2,60.1,Barley,0
35.0,31.8,26.5,403.6,14.7,74.9,Beans,0
13.7,20.9,26.8,294.2,32.1,32.5,Corn,1
13.0,17.2,22.2,124.3,40.4,78.5,Onion,1
35.7,13.5,12.6,341.0,33.4,31.6,Maize,0
19.6,24.8,23.0,481.0,28.6,30.0,Tomato,1
16.7,31.1,14.4,243.4,28.9,76.8,Lettuce,1
17.1,23.2,11.3,378.9,16.6,49.6,Corn,1
5.0,12.8,25.7,485.4,12.7,39.5,Tomato,1
20.9,2.5,15.0,375.8,37.5,45.1,Wheat,1
16.2,10.7,17.9,444.0,33.8,30.4,Soybean,1
35.9,6.5,31.7,166.1,34.7,65.9,Sugarcane,0
28.4,19.7,15.4,301.1,11.8,31.6,Tomato,0
30.6,36.1,14.9,239.2,11.8,43.7,Cabbage,0
18.7,29.3,24.8,441.0,17.8,52.6,Soybean,1
37.3,9.6,25.7,312.1,20.6,85.9,Peas,0
17.3,23.0,25.4,482.0,32.3,79.9,Cotton,1
23.3,5.4,20.2,336.5,15.4,41.3,Peas,1
38.3,25.1,20.2,431.8,24.6,73.9,Peas,0
32.2,14.4,25.9,254.0,34.3,82.6,Tomato,0
24.8,23.1,18.3,349.4,13.9,28.8,Cabbage,1
6.0,20.7,15.1,269.0,17.5,41.1,Cotton,1
17.0,28.5,16.5,270.8,18.1,45.5,Sunflower,1
24.1,27.0,21.5,301.3,30.3,84.1,Carrot,1
25.1,13.2,20.7,324.1,25.0,47.1,Wheat,0
14.3,9.1,22.0,290.5,32.5,89.4,Beans,1
20.8,31.3,29.5,326.1,9.1,54.5,Tomato,1
18.8,17.9,28.9,162.3,35.4,56.4,Corn,1
32.4,40.1,22.1,426.1,17.8,42.4,Beans,0
5.0,27.3,8.4,399.3,39.5,46.9,Beans,1
42.3,17.5,23.6,270.8,26.1,75.2,Cotton,0
30.6,33.4,22.6,302.8,18.9,40.1,Potato,0
20.2,16.0,19.2,257.7,14.2,71.9,Maize,1
31.7,19.9,27.9,173.7,20.4,55.2,Spinach,0
24.1,18.1,18.9,289.6,36.4,30.2,Peas,1
19.4,28.4,20.8,128.0,34.8,84.5,Onion,1
18.9,37.0,14.8,409.6,7.1,35.8,Sunflower,1
29.0,4.1,28.3,478.9,26.0,83.7,Tomato,0
23.0,28.9,14.5,226.1,28.2,66.6,Lettuce,1
30.4,4.4,17.6,381.9,27.0,49.6,Peas,0
33.3,20.8,12.7,328.0,24.8,61.3,Cotton,0
22.0,26.4,19.8,122.0,27.0,67.4,Cabbage,1
30.0,22.9,14.9,172.2,25.6,29.1,Potato,0
30.7,26.2,20.8,301.6,14.9,29.4,Soybean,0
12.2,12.4,21.4,503.8,21.8,54.5,Spinach,1
20.0,24.7,21.5,282.6,24.2,23.3,Wheat,1
32.5,14.7,22.9,316.0,31.1,74.2,Rice,0
27.7,41.1,26.1,343.5,29.3,50.2,Lettuce,0
25.9,27.4,6.3,354.9,33.7,33.0,Sugarcane,1
29.6,21.2,25.8,225.0,13.0,63.1,Maize,0
26.7,19.8,12.3,244.0,24.6,78.4,Cabbage,0
29.9,27.3,24.4,292.0,33.4,53.2,Corn,0
16.8,24.7,11.1,306.5,36.4,87.3,Barley,1
22.9,26.9,26.1,317.2,27.9,21.7,Soybean,0
30.9,15.8,19.0,212.2,21.1,70.3,Onion,0
28.7,27.7,15.3,219.1,10.8,69.0,Sunflower,0
27.1,13.0,11.9,482.4,18.3,85.0,Carrot,0
23.9,18.7,22.9,116.3,22.6,83.2,Corn,0
21.3,16.8,23.8,351.1,19.2,74.1,Peas,1
29.3,12.6,24.0,284.0,14.9,28.9,Corn,0
5.0,16.7,17.8,158.7,30.4,27.3,Onion,1
20.2,26.6,18.1,203.3,11.7,88.4,Sugarcane,1
15.5,11.4,17.3,443.4,24.0,43.8,Tomato,1
37.3,2.7,25.5,396.4,18.5,54.7,Tomato,0
24.5,38.5,24.9,226.9,31.7,77.9,Onion,1
17.0,22.0,21.7,189.8,39.5,81.6,Carrot,1
5.0,38.4,24.9,418.9,19.5,29.1,Potato,1
15.3,20.5,18.1,205.3,36.0,31.9,Wheat,1
30.2,25.3,19.4,321.7,29.6,20.6,Beans,0
39.8,17.6,14.1,375.5,19.9,46.6,Tomato,0
25.4,12.6,19.8,187.9,14.2,76.7,Rice,1
29.3,0.0,26.8,198.9,25.4,55.0,Rice,1
11.5,22.1,22.8,409.0,16.1,37.6,Spinach,1
22.3,32.6,17.8,436.7,26.6,48.3,Onion,1
20.8,8.8,23.9,172.7,29.7,47.2,Cabbage,1
29.8,30.8,21.0,75.5,34.1,50.9,Barley,0
29.0,0.7,22.9,278.1,19.2,59.8,Cotton,0
27.2,11.4,15.1,350.2,9.0,25.4,Carrot,0
30.5,34.9,24.0,220.5,28.2,30.6,Beans,0
31.3,18.6,14.2,382.7,26.2,63.8,Sunflower,0
21.3,31.1,23.7,151.5,24.0,74.1,Peas,1
32.0,4.7,23.1,193.5,21.8,31.0,Peas,0
33.6,23.2,24.0,299.9,37.7,77.5,Barley,0
29.8,13.9,24.0,315.9,28.2,21.9,Sugarcane,1
25.6,33.3,21.7,229.5,25.8,68.5,Spinach,0
20.8,13.2,21.0,305.6,33.5,52.7,Rice,1
20.9,3.7,22.1,132.6,17.1,76.3,Beans,1
24.4,41.8,28.9,338.6,25.6,78.8,Maize,0
29.8,7.1,25.4,284.6,24.0,23.5,Sunflower,0
21.5,43.7,28.3,414.5,25.1,33.8,Tomato,1
40.6,14.3,12.0,526.6,29.3,79.2,Peas,0
16.3,19.2,19.4,443.5,42.9,66.8,Sugarcane,1
35.9,18.4,21.9,278.6,28.1,83.5,Sugarcane,0
18.0,25.2,14.4,250.7,8.2,23.4,Spinach,1
11.5,30.4,15.9,304.4,18.6,28.6,Maize,1
42.9,36.6,18.1,391.9,23.6,36.8,Rice,0
8.3,13.2,17.1,224.5,39.7,51.9,Soybean,1
19.5,29.3,8.9,293.6,10.9,34.9,Barley,1
15.9,15.6,23.0,195.5,20.9,25.8,Potato,1
23.3,14.8,22.8,433.7,15.8,64.2,Sunflower,0
19.9,42.5,13.4,208.6,35.5,75.9,Peas,1
20.3,26.6,16.5,292.4,14.8,64.1,Cabbage,1
24.5,16.8,14.0,369.2,15.3,40.7,Onion,1
22.2,15.4,24.1,213.9,37.0,24.9,Maize,0
29.1,41.3,23.8,324.3,12.8,89.9,Sugarcane,1
28.2,37.6,20.1,431.2,19.8,66.8,Barley,0
25.6,9.7,35.8,299.2,23.2,56.4,Rice,1
37.1,20.9,20.3,214.5,30.4,36.2,Wheat,0
43.5,30.9,20.9,429.5,40.3,50.9,Rice,0
22.7,19.0,14.1,371.7,23.9,38.2,Rice,1
27.6,15.9,20.4,84.7,41.0,37.0,Carrot,0
9.0,29.0,26.5,277.0,18.5,79.2,Spinach,1
14.2,12.5,13.0,220.9,29.5,57.2,Sugarcane,1
18.9,20.7,15.9,317.9,31.0,20.8,Spinach,1
20.3,14.5,26.2,160.7,19.9,63.6,Beans,1
15.3,9.6,22.1,222.0,33.2,88.0,Lettuce,1
19.0,34.2,18.0,413.3,30.4,52.6,Onion,1
15.5,6.0,14.2,218.8,41.2,41.8,Maize,1
17.0,22.6,20.4,370.1,19.9,57.4,Spinach,1
14.9,5.1,28.1,50.0,30.0,68.5,Lettuce,1
14.3,26.9,25.4,325.4,24.9,48.3,Wheat,1
21.7,12.3,18.6,298.7,8.7,82.5,Onion,1
29.7,27.6,23.7,338.8,27.9,49.4,Carrot,0
37.0,17.7,9.9,404.0,24.8,37.7,Potato,0
11.7,10.4,16.4,250.2,29.4,84.7,Peas,1
26.3,29.3,24.7,451.4,27.8,61.3,Beans,0
28.4,24.4,22.2,269.6,25.5,45.9,Onion,0
18.3,12.9,27.1,486.4,17.6,73.5,Cotton,0
18.3,31.4,22.7,367.6,32.2,82.1,Wheat,1
33.5,25.1,10.0,284.0,24.3,82.7,Corn,0
45.0,17.7,21.6,383.5,13.4,73.4,Barley,0
32.9,19.9,24.0,394.7,34.6,53.8,Lettuce,0
18.9,8.0,20.9,282.1,20.3,85.3,Maize,1
25.9,21.6,14.1,327.1,25.1,71.0,Tomato,0
13.1,0.0,21.6,292.2,14.0,66.6,Tomato,1
13.4,8.2,19.6,190.0,14.8,67.8,Rice,1
25.1,18.9,26.4,473.5,28.9,67.4,Corn,0
21.4,15.0,26.2,278.4,30.4,84.5,Rice,1
29.6,11.1,15.0,165.2,16.9,37.4,Carrot,0
23.6,17.2,21.9,163.5,33.8,45.0,Cotton,0
39.4,19.3,16.0,365.5,38.4,54.6,Soybean,0
34.8,20.0,17.2,373.2,24.6,23.4,Cabbage,0
33.9,49.1,15.3,388.1,30.1,60.9,Soybean,0
34.7,15.0,13.1,231.8,24.5,89.5,Maize,0
31.8,37.3,19.9,246.8,28.5,49.3,Spinach,0
23.7,10.7,17.0,393.5,29.2,22.2,Spinach,1
24.2,28.5,24.0,399.1,32.6,24.1,Spinach,1
34.7,19.1,17.8,249.0,14.7,72.2,Spinach,0
10.8,41.5,25.6,352.1,27.5,49.0,Peas,1
30.5,26.0,17.8,241.9,31.2,76.8,Lettuce,0
19.3,17.4,21.5,398.6,27.2,50.2,Sugarcane,1
19.1,18.2,25.3,343.2,18.3,28.6,Sugarcane,1
43.3,10.9,16.3,416.7,37.0,42.4,Sunflower,0
19.3,32.4,21.7,317.2,8.3,58.7,Soybean,1
45.0,28.0,18.1,480.6,21.0,64.5,Beans,0
15.4,11.9,24.0,365.1,38.6,44.4,Cabbage,1
35.9,8.0,23.1,262.8,13.3,26.7,Beans,0
16.9,17.9,10.1,392.9,28.3,45.4,Soybean,1
11.9,26.4,15.2,350.1,32.4,83.9,Onion,1
22.8,19.6,21.3,361.5,31.3,32.8,Peas,1
21.6,20.1,21.7,109.5,16.4,74.9,Cotton,0
24.1,25.1,20.9,356.0,16.4,31.1,Sunflower,0
9.1,31.8,17.5,308.4,18.2,80.1,Peas,1
43.5,39.6,21.6,296.3,26.3,34.4,Soybean,0
19.3,25.4,17.5,311.7,28.7,74.9,Rice,1
45.0,28.3,15.2,349.8,31.3,31.7,Maize,0
17.0,19.8,28.8,360.5,33.7,71.1,Maize,1
12.2,24.3,20.5,435.0,29.8,86.2,Beans,1
12.0,15.4,9.4,329.3,47.3,83.9,Potato,1
41.7,7.5,16.9,329.1,25.3,69.6,Corn,0
11.2,19.5,12.2,350.6,17.3,45.8,Wheat,1
45.0,0.2,22.2,224.8,22.2,32.6,Barley,0
31.0,17.2,15.5,384.4,30.4,86.8,Barley,0
5.1,26.8,16.8,349.1,24.4,31.3,Soybean,1
31.1,27.5,19.8,419.8,13.3,20.8,Rice,0
16.0,20.3,10.1,361.9,24.4,32.6,Onion,1
25.7,25.4,14.8,57.1,23.7,41.0,Soybean,0
22.4,12.7,23.7,240.7,17.3,68.5,Cotton,0
19.2,35.7,16.8,324.1,22.0,27.7,Sunflower,1
15.2,21.9,16.8,146.2,23.7,56.7,Barley,1
40.4,14.2,19.7,221.4,14.7,44.8,Sunflower,0
31.9,9.2,14.5,170.5,26.7,44.0,Spinach,0
14.5,20.7,11.0,340.0,23.0,73.6,Soybean,1
31.5,14.9,15.4,231.7,16.9,35.5,Wheat,0
25.2,39.9,18.7,327.1,27.8,21.6,Corn,0
27.3,22.5,26.8,119.9,19.8,71.1,Beans,0
31.4,30.9,28.0,327.7,36.9,24.2,Maize,0
14.2,15.3,15.9,363.8,17.9,31.3,Sugarcane,1
15.1,19.9,20.4,393.4,30.2,46.3,Wheat,1
45.0,17.8,18.4,312.7,18.2,56.4,Cabbage,0
5.5,19.2,20.3,276.7,20.9,22.5,Soybean,1
37.8,16.7,22.8,319.1,34.6,65.7,Peas,0
43.4,30.4,25.7,242.5,30.4,44.9,Cabbage,0
33.7,25.0,13.6,333.8,23.4,30.0,Sugarcane,0
26.3,27.8,14.7,272.4,23.5,38.4,Sugarcane,1
26.1,30.2,16.6,488.3,18.3,83.8,Tomato,0
7.9,27.7,23.4,347.7,2.3,85.3,Lettuce,1
16.7,7.0,19.9,96.4,5.8,43.2,Rice,1
31.2,31.3,12.6,281.9,16.5,34.3,Cabbage,0
23.7,15.9,23.6,322.9,26.8,41.8,Soybean,0
26.6,20.9,18.4,290.7,16.8,70.9,Beans,0
14.4,10.7,13.4,274.5,24.8,84.6,Spinach,1
25.7,6.7,16.3,227.0,30.8,56.5,Corn,0
17.9,18.1,24.7,176.1,4.1,32.9,Cotton,1
11.6,12.9,22.3,380.4,33.3,33.8,Cotton,1
21.1,31.1,11.4,430.2,16.0,60.1,Cabbage,1
21.7,23.8,16.8,432.2,21.9,61.9,Lettuce,1
26.5,28.1,20.7,190.2,29.4,87.7,Wheat,0
18.4,33.4,23.9,315.3,16.1,55.6,Potato,0
39.3,4.9,18.9,239.0,24.1,83.3,Potato,0
39.1,7.9,16.6,188.5,25.7,75.8,Soybean,0
19.8,33.9,19.9,426.5,23.7,69.8,Tomato,1
22.7,34.1,13.6,456.5,32.4,22.7,Beans,1
29.5,35.4,16.3,467.7,21.7,39.2,Lettuce,0
33.0,19.7,27.7,426.4,26.1,78.3,Soybean,0
28.0,12.5,19.9,250.7,23.4,21.3,Maize,0
7.5,19.3,23.2,332.2,34.6,27.1,Peas,1
29.8,29.9,19.5,263.6,39.0,40.1,Cabbage,0
25.6,12.2,18.8,294.8,14.3,54.6,Beans,0
36.2,14.9,18.3,143.0,35.3,78.2,Sugarcane,0
15.2,9.5,21.6,419.4,28.1,64.1,Onion,1
35.9,28.8,15.5,295.4,12.4,86.5,Barley,0
38.6,22.0,16.9,244.6,28.6,51.4,Corn,0
36.7,29.2,18.4,410.0,33.2,73.0,Maize,0
5.0,10.2,17.7,383.5,23.4,35.7,Onion,1
11.4,8.9,19.4,368.7,31.9,29.9,Peas,1
41.1,23.5,29.3,356.2,31.4,29.0,Spinach,0
23.7,33.2,30.6,339.3,23.6,86.7,Peas,1
41.0,18.0,17.4,423.1,31.7,71.7,Sugarcane,0
35.9,31.9,23.0,307.0,1.1,37.3,Lettuce,0
29.2,1.0,22.5,155.1,25.9,78.7,Wheat,0
34.0,15.3,26.1,225.3,29.8,69.3,Sugarcane,0
12.0,35.5,20.7,369.3,34.6,25.5,Corn,1
22.6,11.7,16.1,267.5,27.2,75.8,Maize,0
34.1,27.8,16.3,249.5,6.7,77.6,Rice,0
9.0,18.1,26.6,374.9,23.8,49.4,Corn,1
23.5,19.1,10.4,262.8,25.9,82.9,Sugarcane,1
28.3,14.8,21.0,438.7,28.2,41.5,Lettuce,0
20.1,27.7,13.1,322.9,29.7,89.5,Wheat,1
21.1,11.4,24.9,209.9,26.0,70.7,Onion,1
25.5,25.7,16.5,235.5,30.8,26.1,Spinach,0
26.9,18.7,10.6,332.6,19.3,87.4,Peas,0
35.5,21.0,31.4,346.0,33.5,38.4,Rice,0
35.2,20.2,24.5,353.7,29.6,29.1,Maize,0
31.2,12.0,25.3,367.0,29.4,41.0,Wheat,0
27.6,21.0,24.8,362.0,18.0,31.8,Cabbage,0
23.3,32.6,20.0,206.9,25.9,63.1,Onion,1
11.5,35.1,25.3,313.6,20.3,75.9,Cabbage,1
22.9,30.6,20.4,146.9,24.9,76.4,Spinach,1
14.9,5.8,10.1,266.7,26.5,20.8,Wheat,1
26.6,22.3,14.7,399.4,34.5,47.6,Cotton,0
25.9,20.7,23.9,385.1,22.1,48.9,Rice,1
23.8,35.6,18.2,109.2,25.7,34.2,Cotton,0
24.2,15.1,29.4,396.8,17.3,69.6,Tomato,1
17.6,32.5,14.5,262.7,12.4,87.5,Sugarcane,1
18.7,33.7,20.0,179.0,16.1,38.3,Peas,1
10.1,31.0,22.0,334.9,25.0,87.4,Cabbage,1
32.9,27.2,21.3,368.1,6.5,49.3,Carrot,0
20.3,14.4,12.5,263.4,32.4,59.7,Peas,1
27.4,31.2,17.2,114.1,17.5,25.0,Lettuce,0
5.8,30.5,27.1,275.8,33.6,35.2,Rice,1
35.8,22.7,22.0,484.1,30.3,88.0,Potato,0
45.0,34.2,21.5,315.3,12.0,48.4,Soybean,0
5.0,0.0,20.2,347.9,14.4,62.8,Cabbage,1
35.9,27.3,19.6,222.4,36.2,30.6,Cabbage,0
12.1,23.6,16.9,327.4,22.8,27.3,Tomato,1
23.2,33.9,20.7,378.2,36.6,49.2,Carrot,1
6.1,21.8,24.2,227.7,25.0,74.6,Soybean,1
34.9,9.7,19.9,372.4,29.0,64.5,Barley,0
19.3,17.2,25.3,226.4,13.1,48.5,Onion,1
10.9,8.2,26.9,295.4,22.1,35.7,Soybean,1
11.8,23.7,16.0,317.9,29.1,43.7,Potato,1
11.8,24.4,16.2,314.9,24.1,42.2,Beans,1
12.7,45.2,16.5,250.2,29.8,57.5,Peas,1
16.7,37.7,20.9,221.1,41.6,21.2,Sugarcane,1
32.8,32.4,21.8,324.5,30.9,33.9,Sunflower,0
18.5,15.7,20.0,349.1,24.0,29.9,Cabbage,1
26.0,27.4,15.3,349.9,18.5,30.2,Potato,0
32.7,10.0,23.0,251.1,30.7,47.5,Tomato,0
36.2,11.8,23.7,493.0,39.1,48.5,Cabbage,0
16.4,20.5,15.2,74.1,18.8,43.8,Maize,1
17.7,28.2,13.7,114.5,20.4,28.0,Sugarcane,1
22.2,24.0,17.0,363.9,22.2,50.0,Carrot,1
28.9,25.2,14.8,456.2,24.7,27.4,Carrot,0
15.1,14.2,17.0,286.4,35.9,84.1,Lettuce,1
22.4,31.2,15.6,143.8,30.8,48.4,Tomato,1
15.2,22.2,21.9,334.4,16.4,21.8,Peas,1
17.7,12.1,23.4,401.8,23.0,58.3,Barley,1
34.8,25.5,14.8,471.8,23.6,39.7,Sugarcane,0
26.8,7.0,20.6,343.2,28.9,57.3,Maize,0
17.3,20.4,28.8,371.2,26.2,47.6,Cabbage,1
16.5,2.5,21.1,124.6,20.0,33.2,Onion,1
21.9,5.4,25.1,288.6,6.6,67.1,Onion,1
30.3,14.6,22.3,184.9,25.2,33.1,Barley,0
29.9,9.5,20.6,364.5,30.1,41.1,Tomato,0
18.2,30.5,29.9,317.1,20.8,65.6,Onion,1
17.3,13.2,11.3,304.5,17.5,59.6,Sunflower,1
32.2,23.1,20.3,167.3,22.1,68.0,Spinach,0
18.8,27.1,21.4,319.4,25.9,26.4,Cotton,0
22.8,2.0,14.7,140.0,26.7,36.1,Peas,1
8.0,33.3,19.6,246.8,32.6,20.3,Potato,1
5.0,14.1,13.9,352.0,41.6,25.3,Maize,1
43.3,9.2,12.6,172.1,24.4,60.4,Sugarcane,0
16.7,14.8,21.5,496.0,20.0,66.6,Sugarcane,1
28.8,18.1,22.7,63.8,16.2,38.7,Soybean,0
11.9,24.8,21.0,317.1,21.2,49.9,Sunflower,1
45.0,18.8,17.3,349.6,17.9,25.5,Barley,0
26.1,5.8,29.8,236.9,33.5,43.8,Maize,0
25.3,34.0,23.4,365.1,12.2,39.7,Rice,1
20.6,24.4,8.4,141.9,23.9,65.5,Barley,1
24.2,14.2,20.4,228.4,30.9,43.4,Onion,1
42.2,18.5,25.6,285.8,41.3,30.7,Beans,0
31.5,20.7,20.3,485.8,20.7,54.0,Sugarcane,0
30.5,30.2,8.7,333.1,31.7,64.1,Sunflower,0
42.0,36.4,9.9,347.9,29.9,28.3,Tomato,0
7.6,23.0,26.5,202.2,18.2,88.1,Cotton,1
26.8,21.3,17.4,198.9,33.9,79.8,Corn,0
44.4,30.1,25.5,265.9,11.2,68.9,Barley,0
45.0,27.8,17.1,390.1,25.1,26.2,Cotton,0
15.0,1.4,34.1,445.7,25.8,62.4,Peas,1
40.6,16.6,25.4,390.9,31.3,79.5,Potato,0
42.9,9.5,17.8,139.7,33.3,21.8,Sugarcane,0
27.5,10.1,22.5,303.0,19.5,77.3,Tomato,0
36.4,19.2,9.1,378.4,29.2,50.4,Lettuce,0
30.5,31.6,21.1,169.7,10.8,44.6,Spinach,0
28.5,30.6,29.4,356.5,29.1,75.8,Potato,0
36.1,25.1,31.0,280.5,23.7,54.0,Sugarcane,0
17.8,18.1,11.4,234.6,19.1,40.8,Corn,1
45.0,32.0,19.5,279.2,18.8,48.2,Cabbage,0
18.8,26.9,5.2,199.6,33.6,27.6,Rice,1
19.9,28.6,22.1,388.1,29.6,65.0,Cabbage,1
13.6,24.1,19.3,224.3,20.1,38.2,Corn,1
12.7,5.9,32.4,391.1,38.0,28.7,Sunflower,1
19.0,28.5,23.5,351.7,19.9,68.9,Wheat,1
30.8,14.4,14.7,393.5,24.2,54.3,Cabbage,0
18.1,28.6,19.7,290.6,30.1,26.4,Sugarcane,1
35.6,30.4,17.3,283.6,21.5,26.6,Potato,0
13.6,35.7,20.2,408.7,33.4,63.7,Cotton,1
15.3,9.6,22.2,197.7,37.9,52.4,Soybean,1
8.8,42.3,18.4,434.7,17.3,46.6,Maize,1
32.8,30.9,19.4,280.2,17.0,41.6,Soybean,0
29.6,22.1,22.7,255.0,29.4,55.2,Carrot,0
11.2,32.5,13.2,268.8,12.9,48.3,Barley,1
18.7,22.7,17.0,241.5,23.6,62.5,Sunflower,1
22.6,6.8,9.5,333.3,19.9,67.8,Sunflower,0
18.1,9.5,20.4,264.0,36.8,20.8,Carrot,1
32.4,13.6,22.1,426.7,13.8,54.7,Maize,0
25.4,19.5,18.4,267.4,28.1,62.3,Sunflower,0
36.3,13.6,18.9,147.5,34.2,71.3,Barley,0
18.3,17.6,22.8,181.8,18.8,58.1,Cabbage,1
24.9,22.0,19.9,313.3,38.9,76.3,Beans,1
33.2,30.2,21.2,381.4,37.1,63.3,Spinach,0
17.1,31.4,25.6,477.5,30.4,88.7,Cotton,1
15.4,17.8,14.4,343.1,26.1,37.9,Soybean,1
25.5,17.0,4.6,386.8,17.4,38.9,Sugarcane,1
37.6,12.4,19.6,312.5,24.5,36.0,Lettuce,0
25.6,28.7,20.5,330.3,27.6,52.9,Sugarcane,1
20.1,15.6,20.3,211.0,30.0,33.1,Carrot,1
22.3,35.8,20.2,232.0,29.1,26.9,Cabbage,1
18.4,24.5,24.7,267.7,24.4,25.6,Maize,1
31.7,36.6,14.1,393.7,23.0,65.6,Tomato,0
38.7,36.8,19.1,336.8,25.8,55.6,Barley,0
8.9,39.0,17.8,342.5,24.8,43.4,Cabbage,1
28.3,21.3,21.8,271.5,29.9,77.4,Corn,0
44.5,8.2,24.1,351.0,33.6,79.1,Tomato,0
41.2,28.6,27.2,331.4,25.3,49.2,Cabbage,0
29.2,33.7,21.8,59.4,32.1,65.9,Potato,0
28.2,14.9,16.4,339.8,30.3,40.1,Rice,1
42.9,28.9,13.1,475.3,35.4,31.8,Beans,0
32.5,4.4,16.3,197.2,24.2,78.4,Beans,0
20.6,15.3,14.9,144.6,38.2,24.6,Potato,0
18.4,0.4,20.8,285.2,10.0,75.6,Rice,1
36.4,25.6,24.9,256.4,20.6,40.0,Onion,0
15.3,17.8,18.5,376.7,14.1,71.9,Rice,1
45.0,29.3,21.0,361.9,25.6,38.1,Potato,0
18.5,2.2,22.2,265.7,28.0,51.9,Rice,1
21.8,13.8,18.0,350.1,48.4,45.0,Tomato,1
27.4,12.2,18.0,269.4,24.3,73.4,Sugarcane,1
33.8,19.9,16.5,245.9,20.1,40.2,Potato,0
15.7,17.3,23.5,375.7,29.6,61.2,Cabbage,1
21.0,30.9,18.6,376.6,23.2,80.7,Carrot,1
42.0,44.1,21.0,349.3,24.2,32.9,Spinach,0
23.6,21.2,20.4,608.0,33.8,48.2,Barley,0
20.2,30.7,15.6,283.3,16.4,89.2,Cotton,0
34.8,22.6,23.9,371.7,28.6,48.4,Lettuce,0
18.9,33.2,19.9,155.3,43.5,74.0,Tomato,1
13.6,24.2,17.7,176.9,17.3,73.5,Tomato,1
24.9,16.6,19.0,275.8,33.9,79.1,Peas,1
24.4,13.0,21.8,434.9,24.5,60.1,Rice,1
21.2,15.4,23.1,285.8,27.7,29.2,Cotton,0
17.5,32.1,14.1,352.2,28.4,66.8,Tomato,1
19.3,28.5,17.6,244.0,43.8,42.8,Beans,1
12.7,26.6,33.5,405.7,35.7,82.8,Beans,1
27.5,40.3,14.5,418.7,28.4,37.2,Cabbage,0
15.9,26.6,20.7,68.9,19.5,82.5,Soybean,1
19.2,36.7,14.0,413.7,20.3,61.5,Lettuce,1
11.8,12.2,12.7,395.9,21.3,31.9,Cabbage,1
20.0,6.8,18.5,327.3,30.8,55.3,Rice,1
23.9,10.8,17.0,410.6,41.2,70.2,Tomato,1
23.3,15.7,25.8,264.0,31.0,89.8,Spinach,1
23.6,9.5,28.1,312.0,19.3,45.3,Sugarcane,1
21.3,39.3,17.1,444.7,24.0,86.6,Lettuce,1
13.2,26.8,30.0,255.0,23.3,63.3,Spinach,1
20.0,34.7,19.8,317.0,31.6,47.7,Carrot,1
21.3,12.4,19.9,204.3,40.5,48.8,Rice,1
15.6,13.2,16.3,191.3,31.9,89.9,Spinach,1
30.9,4.9,14.0,249.0,30.1,52.3,Sunflower,0
12.4,20.2,21.7,361.5,25.0,42.0,Lettuce,1
29.3,21.6,21.1,319.8,30.4,80.8,Potato,0
11.7,0.0,22.4,397.1,32.0,72.9,Potato,1
23.6,26.7,25.0,224.1,27.4,83.0,Wheat,0
26.9,21.1,10.3,496.4,24.7,64.9,Potato,0
30.0,12.1,25.7,270.8,17.3,81.8,Carrot,0
27.2,25.8,20.5,357.3,36.5,31.3,Soybean,0
23.1,6.9,21.5,142.6,33.8,71.4,Cotton,0
35.9,13.9,17.4,193.6,25.8,62.8,Cotton,0
17.8,10.6,15.0,266.6,14.8,79.5,Maize,1
31.9,20.3,22.1,403.0,27.1,72.8,Potato,0
22.8,0.0,23.1,229.8,27.4,24.5,Rice,1
26.7,0.0,20.9,169.9,23.6,38.7,Onion,0
18.9,23.3,12.6,290.7,33.2,55.4,Rice,1
6.5,6.9,24.0,269.1,39.6,33.1,Corn,1
29.3,11.4,8.4,126.3,23.2,43.0,Potato,0
28.3,12.8,23.2,189.2,28.0,28.4,Potato,0
34.1,25.3,25.0,406.9,22.9,50.3,Cabbage,0
36.3,3.1,12.6,289.3,14.9,65.8,Soybean,0
37.2,17.2,20.8,440.0,19.8,69.9,Rice,0
16.1,34.1,17.5,490.5,20.0,52.1,Rice,1
20.4,22.9,13.5,311.0,28.0,50.8,Soybean,1
28.4,32.1,20.2,408.6,45.0,62.7,Maize,0
25.3,20.0,23.0,336.9,30.8,82.6,Maize,0
38.2,23.4,23.3,438.2,31.0,73.6,Maize,0
34.2,16.1,22.5,385.5,42.3,72.0,Rice,0
27.6,33.1,9.8,332.2,25.7,60.4,Corn,0
8.3,24.3,28.8,215.8,36.5,40.7,Corn,1
37.2,36.2,23.8,551.9,20.4,56.7,Lettuce,0
16.7,7.6,19.4,344.5,27.4,57.0,Barley,1
28.7,12.1,20.2,153.7,28.4,36.0,Carrot,0
23.1,22.0,24.1,431.8,25.3,34.2,Tomato,1
32.1,22.2,30.7,219.4,13.8,63.0,Maize,0
42.9,23.3,15.9,297.2,30.0,71.3,Beans,0
37.4,27.0,9.9,253.4,32.7,68.3,Wheat,0
36.1,27.3,24.0,194.5,26.5,35.3,Onion,0
23.9,15.8,14.8,332.2,29.4,31.8,Corn,0
16.4,12.1,26.2,298.7,9.0,74.3,Sunflower,1
15.7,22.9,30.4,294.8,24.9,52.0,Soybean,1
13.1,23.9,24.7,281.9,33.2,62.6,Beans,1
27.0,20.3,22.8,351.7,13.6,61.9,Cabbage,0
18.3,42.7,23.0,430.2,21.6,68.1,Cabbage,1
23.1,24.1,10.5,354.6,20.0,42.4,Potato,0
20.4,28.4,21.1,342.4,41.0,32.1,Soybean,1
35.9,19.2,18.6,395.4,27.1,28.6,Sugarcane,0
23.5,21.6,18.8,314.2,17.4,26.8,Maize,0
35.7,21.1,16.8,386.0,13.7,85.6,Cotton,0
19.4,21.2,15.1,157.6,26.3,61.4,Sugarcane,1
30.0,38.9,21.0,289.1,20.9,33.1,Peas,0
7.6,22.6,12.9,276.1,29.6,42.6,Beans,1
38.7,19.8,21.3,327.1,21.5,22.3,Beans,0
20.7,25.3,32.7,363.6,18.3,21.1,Beans,1
17.8,15.1,10.9,284.1,25.1,59.7,Beans,1
25.5,29.1,23.8,448.2,32.7,63.2,Barley,0
30.4,21.1,16.6,324.0,32.0,20.5,Wheat,0
25.9,19.7,20.6,229.3,22.7,32.5,Wheat,0
18.8,21.9,15.1,232.5,11.4,70.6,Rice,1
39.4,23.6,21.5,278.9,35.4,41.6,Sugarcane,0
12.0,6.9,21.3,198.6,35.6,34.1,Wheat,1
28.6,15.7,16.4,153.0,16.2,46.2,Barley,0
18.3,30.9,17.8,236.3,29.2,43.9,Potato,0
9.6,0.0,26.2,229.8,17.6,81.7,Potato,1
22.3,31.3,22.6,318.2,18.4,70.2,Sugarcane,1
34.4,25.8,22.1,332.6,26.5,72.4,Cabbage,0
25.0,6.0,21.9,373.2,27.8,66.8,Barley,0
23.0,16.4,15.1,368.3,38.3,23.1,Barley,0
31.0,16.7,31.0,356.6,25.2,78.7,Soybean,0
33.2,18.0,17.7,270.2,28.0,25.0,Sunflower,0
45.0,32.2,14.3,195.9,9.8,85.4,Lettuce,0
28.1,19.6,16.1,297.5,31.7,24.5,Barley,0
16.8,21.6,10.9,219.2,18.1,61.1,Beans,1
41.8,0.4,17.7,187.5,32.0,87.1,Potato,0
23.4,20.3,21.0,293.4,30.8,67.3,Beans,1
25.9,31.1,21.6,525.6,41.1,59.4,Maize,0
25.2,19.8,15.8,164.4,23.2,89.4,Maize,0
18.6,16.0,25.7,214.3,9.7,48.1,Onion,1
19.0,28.1,29.7,127.3,32.0,85.8,Maize,1
15.4,1.9,13.7,221.1,26.0,88.0,Soybean,1
13.5,26.6,20.2,95.7,24.9,56.7,Potato,1
26.4,27.3,18.3,363.1,29.1,23.7,Peas,0
28.6,12.4,20.5,468.3,34.9,68.2,Sugarcane,1
19.9,22.7,17.3,328.2,17.7,67.3,Soybean,1
26.3,15.5,9.4,316.8,42.5,31.2,Potato,0
19.3,24.4,12.3,278.9,32.8,58.2,Rice,1
21.1,20.5,16.1,325.7,19.2,29.6,Sugarcane,1
20.7,12.5,11.1,58.4,13.6,56.7,Sugarcane,1
18.8,9.8,26.2,294.3,17.0,43.1,Potato,0
10.0,13.1,18.0,376.3,24.9,27.0,Beans,1
25.8,11.5,24.5,398.5,19.6,87.9,Sunflower,0
45.0,39.8,13.9,330.0,18.0,82.5,Wheat,0
28.2,17.7,16.8,331.6,38.7,60.2,Potato,0
16.0,20.2,18.0,241.6,21.9,69.6,Soybean,1
25.4,29.2,13.6,376.6,20.5,36.3,Cotton,0
18.0,24.8,21.9,380.6,35.5,57.0,Sunflower,1
17.6,24.2,13.0,305.1,9.9,23.7,Peas,1
25.4,19.5,11.0,308.3,8.5,44.3,Wheat,0
36.3,22.1,18.0,203.3,15.6,29.0,Soybean,0
26.9,22.1,24.7,238.9,38.0,67.7,Maize,0
25.5,7.4,22.3,130.3,22.3,56.1,Lettuce,0
26.9,23.9,11.1,258.2,22.7,28.4,Carrot,0
39.8,16.0,18.3,280.4,20.9,45.2,Potato,0
7.6,41.0,15.2,257.1,29.5,53.6,Cabbage,1
34.8,12.3,24.7,278.2,36.0,35.1,Spinach,0
45.0,21.5,18.8,180.6,14.1,36.1,Onion,0
29.3,15.7,17.1,408.8,25.7,83.3,Carrot,0
45.0,12.5,21.7,388.9,32.9,68.3,Tomato,0
34.8,33.9,16.4,376.3,15.8,50.1,Soybean,0
22.7,33.1,23.3,275.3,22.8,20.8,Potato,0
25.1,51.4,16.5,120.6,19.7,34.1,Rice,1
30.5,25.3,19.0,474.9,22.5,46.0,Onion,0
9.0,17.6,34.1,478.9,27.0,63.0,Cabbage,1
41.2,24.8,17.8,385.9,30.0,89.3,Corn,0
17.1,24.4,20.9,327.8,12.0,64.7,Potato,1
33.9,31.4,20.0,303.7,18.1,31.2,Onion,0
28.7,25.9,17.1,207.8,46.0,74.8,Cabbage,0
24.1,8.0,28.3,404.5,42.3,50.7,Lettuce,1
24.1,20.5,26.0,184.1,26.2,82.7,Cotton,0
17.4,23.8,13.5,473.6,25.6,41.6,Sugarcane,1
24.0,23.1,17.7,118.4,35.8,52.5,Sunflower,0
26.6,11.3,15.1,317.5,24.8,45.9,Maize,0
16.2,20.3,26.7,182.2,23.5,59.5,Beans,1
32.6,32.9,14.5,219.6,35.5,20.5,Tomato,0
17.5,14.7,20.8,243.6,17.4,63.1,Soybean,1
29.9,19.8,16.0,199.0,22.2,54.5,Maize,0
31.9,13.5,18.4,238.0,40.9,58.0,Wheat,0
40.6,11.8,23.2,152.6,31.2,66.0,Spinach,0
18.8,22.6,18.9,200.4,16.0,55.2,Rice,1
25.4,0.5,24.4,510.3,29.6,65.1,Barley,0
17.9,23.2,22.5,183.4,36.6,28.7,Maize,1
20.0,20.4,34.6,239.3,12.6,22.4,Peas,1
34.6,33.6,26.4,340.0,33.0,64.6,Tomato,0
29.7,16.8,15.0,326.5,25.7,67.5,Beans,0
22.8,20.2,21.4,236.9,21.0,43.0,Cabbage,1
22.0,8.0,26.2,126.4,30.0,74.9,Rice,1
20.8,20.3,22.6,425.4,20.4,38.4,Peas,1
18.8,17.2,27.8,310.9,24.4,47.3,Spinach,1
42.6,4.4,18.5,305.5,40.4,31.2,Sugarcane,0
34.1,16.7,15.7,301.4,24.4,66.1,Cabbage,0
12.6,30.3,22.8,374.0,22.0,23.0,Lettuce,1
26.8,21.7,26.3,407.5,15.5,69.8,Tomato,0
44.7,25.5,26.6,354.6,29.2,58.8,Tomato,0
8.7,19.0,30.2,350.9,26.8,71.4,Carrot,1
39.1,0.0,19.2,250.0,18.1,84.2,Sunflower,0
9.7,18.5,24.0,307.1,34.3,41.8,Tomato,1
28.7,17.4,24.8,190.9,13.2,30.1,Wheat,0
18.5,9.8,20.3,260.0,14.6,58.1,Cotton,0
19.0,14.7,25.8,255.4,28.6,83.3,Cabbage,1
26.2,18.9,17.5,496.9,47.3,29.4,Rice,1
16.5,21.6,23.6,210.5,27.1,23.1,Wheat,1
16.4,8.8,12.4,338.6,26.5,70.1,Spinach,1
16.9,31.3,23.8,369.1,43.0,73.2,Carrot,1
45.0,10.1,21.2,315.9,14.3,70.1,Beans,0
36.4,20.2,22.9,345.7,20.6,37.0,Wheat,0
16.0,16.6,18.2,336.7,30.4,81.3,Barley,1
22.4,8.9,15.3,393.1,33.9,33.1,Cotton,0
12.6,15.0,19.4,404.4,32.4,78.4,Corn,1
21.2,37.2,21.5,311.0,27.2,30.7,Corn,1
20.7,34.3,15.6,318.9,30.4,84.4,Soybean,1
29.5,34.7,20.0,200.6,25.1,75.2,Wheat,0
32.7,12.9,26.5,346.7,12.7,58.1,Lettuce,0
13.8,16.9,35.8,273.9,24.0,59.7,Cabbage,1
31.2,28.4,18.6,336.2,39.9,27.3,Lettuce,0
31.1,11.0,16.3,253.5,24.9,34.0,Lettuce,0
16.5,16.8,7.8,434.1,28.5,79.4,Onion,1
27.6,11.9,15.5,444.7,24.7,36.4,Tomato,0
23.1,16.2,32.2,288.4,27.0,34.4,Carrot,1
37.6,26.1,17.7,243.8,26.3,40.7,Soybean,0
41.0,39.5,14.8,215.1,23.4,86.3,Cabbage,0
10.4,17.3,17.8,251.9,39.8,64.0,Barley,1
13.0,14.4,20.9,132.2,30.8,54.5,Beans,1
14.6,23.4,19.1,277.2,24.5,61.4,Sugarcane,1
25.3,35.1,29.5,283.1,23.3,37.7,Rice,1
13.8,20.1,31.1,231.2,18.7,67.4,Beans,1
35.9,13.6,20.5,449.1,29.1,43.1,Wheat,0
29.4,14.6,22.7,286.8,26.2,55.0,Spinach,0
28.4,5.4,14.8,289.1,32.8,23.3,Sugarcane,1
21.4,30.7,19.2,327.3,33.7,39.2,Onion,1
33.9,15.6,19.3,390.5,32.5,36.9,Onion,0
27.7,33.7,25.3,369.3,16.4,75.7,Wheat,0
22.3,19.8,14.2,152.1,24.5,21.5,Onion,1
9.2,5.3,21.0,238.3,27.9,84.0,Sunflower,1
21.6,14.5,23.5,258.0,18.4,43.9,Spinach,1
26.9,22.1,15.1,253.9,11.4,23.7,Sugarcane,1
23.2,4.1,20.3,295.2,25.4,21.4,Barley,0
18.5,15.6,24.7,249.8,29.1,70.1,Carrot,1
19.0,0.3,15.1,276.5,19.5,62.1,Onion,1
33.1,7.3,18.2,234.2,33.2,42.5,Lettuce,0
29.9,8.7,26.6,302.6,33.5,65.4,Barley,0
27.9,42.6,18.8,305.0,25.1,56.7,Rice,1
23.9,36.3,19.7,422.1,47.8,70.3,Maize,0
39.7,31.0,13.4,294.8,22.6,52.6,Tomato,0
18.5,13.9,15.8,197.0,31.6,47.8,Peas,1
29.4,25.2,20.0,301.8,17.5,50.9,Sugarcane,1
5.0,21.8,19.2,389.7,25.9,20.2,Peas,1
19.9,17.1,30.8,50.0,39.8,24.4,Beans,1
33.3,19.1,12.1,489.5,21.8,20.2,Potato,0
16.7,28.8,22.4,346.3,10.2,61.8,Beans,1
21.0,8.4,28.3,57.6,26.0,48.9,Sunflower,1
32.4,5.8,15.8,226.2,25.4,30.5,Potato,0
21.6,24.3,23.9,346.2,31.6,64.8,Wheat,1
29.2,28.1,12.4,274.9,17.4,48.0,Barley,0
14.1,14.8,22.0,338.9,16.6,60.0,Sunflower,1
27.5,21.6,10.7,437.9,37.2,73.8,Corn,0
23.9,4.8,18.1,383.0,32.1,21.6,Barley,0
17.4,16.6,21.7,270.6,25.3,26.1,Barley,1
24.7,9.0,21.8,224.1,23.4,60.6,Cabbage,1
14.6,17.4,24.6,331.8,25.8,28.0,Sugarcane,1
17.2,15.4,21.4,245.5,19.0,82.9,Cotton,1
28.2,26.6,16.6,390.3,30.7,63.0,Onion,0
20.8,18.3,19.1,193.3,18.4,24.0,Sugarcane,1
27.2,23.7,19.4,365.2,21.8,81.7,Onion,0
45.0,10.3,19.7,294.7,27.8,75.2,Carrot,0
21.5,13.3,24.3,134.1,31.1,75.3,Maize,1
26.4,26.1,25.9,593.1,20.4,55.2,Carrot,0
25.9,37.3,22.6,205.6,17.0,75.8,Corn,0
31.8,14.3,27.9,269.4,31.4,64.4,Tomato,0
36.9,16.3,19.4,346.2,19.9,54.6,Peas,0
15.8,28.9,23.5,162.5,19.8,21.7,Soybean,1
26.8,20.3,25.5,387.2,18.9,43.0,Lettuce,0
20.5,26.0,28.9,165.0,23.4,39.4,Spinach,1
23.3,37.1,13.8,206.0,26.8,60.7,Potato,0
25.9,15.7,14.6,216.7,21.4,63.6,Lettuce,0
27.8,5.5,26.9,353.4,14.0,33.9,Spinach,0
16.8,40.3,23.3,279.7,26.1,41.0,Sugarcane,1
23.8,24.8,21.6,347.3,19.0,67.8,Potato,0
22.0,17.9,23.2,187.1,28.4,73.2,Onion,1
12.8,31.0,17.0,483.0,22.5,52.8,Beans,1
35.4,17.1,9.8,360.1,27.5,54.6,Lettuce,0
33.1,0.0,13.6,266.5,25.2,89.5,Soybean,0
24.4,15.1,23.4,241.6,26.3,69.5,Soybean,0
29.8,24.1,20.7,473.7,33.0,58.4,Soybean,0
8.8,25.6,15.9,265.2,22.3,58.9,Cabbage,1
19.7,25.9,22.6,248.6,25.1,35.5,Cotton,0
11.4,33.2,15.8,378.7,26.5,30.2,Cotton,1
5.0,37.0,13.3,152.8,22.6,25.8,Spinach,1
24.6,13.8,26.2,289.1,30.1,82.8,Rice,1
21.8,19.0,17.9,214.9,32.9,79.0,Soybean,1
18.8,23.2,15.5,375.5,29.3,24.4,Cotton,0
29.9,12.9,23.4,348.6,23.2,68.6,Rice,1
8.1,23.2,26.3,273.4,19.8,88.6,Wheat,1
18.2,23.3,29.5,289.5,25.1,85.8,Corn,1
9.7,19.1,19.9,322.5,16.6,54.6,Cotton,1
34.6,2.7,17.8,331.6,29.3,32.5,Sugarcane,0
27.7,18.9,24.4,510.6,28.1,24.7,Cabbage,0
33.8,11.3,17.7,160.6,17.6,63.9,Peas,0
17.0,22.3,27.2,251.4,29.5,69.7,Onion,1
10.4,30.4,17.8,163.1,17.3,89.6,Maize,1
21.9,10.4,16.5,265.8,24.4,48.1,Lettuce,1
14.6,20.7,23.7,231.2,24.9,57.1,Carrot,1
19.5,20.9,17.6,388.4,25.0,28.9,Maize,1
13.9,35.0,24.6,300.9,24.2,46.4,Tomato,1
16.2,19.6,27.8,224.7,26.6,73.3,Tomato,1
21.2,26.1,16.4,220.7,10.4,30.3,Beans,1
28.4,18.1,26.6,380.4,27.4,74.0,Sugarcane,1
36.4,17.5,18.1,341.0,26.6,57.9,Peas,0
22.9,31.6,22.0,385.2,18.3,34.2,Spinach,1
15.6,8.5,24.0,214.1,25.3,90.0,Corn,1
14.6,11.1,20.6,197.3,19.0,35.6,Spinach,1
13.7,16.0,18.5,401.0,17.8,81.2,Sunflower,1
17.8,19.7,22.6,487.5,25.7,67.9,Cotton,1
14.0,23.2,21.5,182.5,30.2,62.8,Cabbage,1
22.4,20.0,18.9,473.3,20.4,46.8,Cabbage,1
37.7,10.1,18.3,486.6,22.0,50.2,Corn,0
33.9,34.7,25.3,151.0,31.9,78.6,Soybean,0
11.0,21.3,15.2,365.2,22.8,76.7,Carrot,1
22.0,35.5,16.0,208.7,33.5,87.8,Cabbage,1
16.1,2.5,21.3,532.3,24.6,63.4,Carrot,1
22.1,17.5,17.3,471.1,23.4,72.0,Rice,1
21.5,13.5,24.1,228.8,23.8,67.0,Soybean,1
11.8,0.0,14.7,313.4,23.0,68.6,Sunflower,1
5.0,6.1,30.2,249.4,28.6,51.9,Potato,1
28.4,26.6,26.2,177.1,27.9,22.4,Cabbage,0
16.6,14.7,10.7,417.2,13.9,73.8,Spinach,1
23.3,19.6,24.7,225.7,27.4,54.5,Beans,1
20.5,21.1,16.1,321.2,18.6,78.6,Wheat,1
40.3,16.6,24.4,315.8,6.1,23.0,Barley,0
12.8,17.5,16.3,370.0,26.6,67.0,Corn,1
13.8,39.3,8.3,223.7,20.5,69.0,Rice,1
18.4,26.2,27.9,423.7,26.3,46.3,Cabbage,1
25.0,15.1,15.0,330.9,16.6,64.7,Peas,0
31.7,24.0,16.4,377.1,16.9,34.3,Sugarcane,0
9.7,8.6,19.5,256.6,15.9,34.7,Carrot,1
29.8,23.1,16.9,264.2,31.8,44.5,Soybean,0
11.8,15.7,31.1,472.8,24.1,63.0,Cabbage,1
23.2,16.0,11.7,248.5,16.1,69.3,Potato,0
30.5,6.5,15.0,253.7,26.3,76.7,Sugarcane,0
42.9,18.2,20.5,437.8,19.8,31.2,Carrot,0
20.7,17.7,12.4,129.2,28.2,44.0,Maize,1
31.8,24.6,18.7,258.5,24.1,70.3,Maize,0
13.9,27.6,18.0,204.8,25.8,39.3,Cabbage,1
45.0,25.9,15.2,203.3,30.1,60.6,Sunflower,0
33.8,28.9,15.6,290.7,18.8,77.8,Corn,0
26.6,15.2,13.9,249.1,27.2,43.8,Maize,0
29.4,25.1,24.0,175.4,30.1,79.7,Barley,0
28.1,11.0,16.6,372.2,21.9,54.9,Peas,0
26.8,16.8,12.4,373.2,26.7,21.1,Cabbage,0
22.7,0.0,10.5,366.5,13.9,48.9,Sunflower,0
35.0,17.4,10.6,345.5,21.1,57.6,Wheat,0
29.7,5.7,19.1,515.7,21.5,28.9,Peas,0
40.1,16.7,17.2,311.3,31.0,64.4,Tomato,0
20.7,33.0,23.3,281.9,33.0,73.0,Carrot,1
40.1,25.6,14.5,336.0,25.9,39.1,Beans,0
28.8,31.0,22.3,250.6,14.8,46.3,Tomato,0
37.2,20.3,26.3,399.8,26.2,21.1,Peas,0
25.6,18.3,13.9,356.4,24.4,86.7,Peas,0
24.2,14.0,16.1,239.5,21.5,37.1,Maize,0
31.5,33.6,20.6,563.4,18.3,58.5,Cotton,0
17.6,21.1,16.2,412.3,27.1,86.8,Wheat,1
24.5,8.7,14.4,222.5,12.4,34.7,Wheat,0
9.6,17.7,20.3,155.1,31.6,47.5,Peas,1
38.5,25.6,20.5,446.2,25.9,53.4,Peas,0
17.2,21.4,16.5,178.0,18.1,75.2,Lettuce,1
18.1,13.1,24.3,322.7,34.6,76.4,Beans,1
36.9,25.4,21.9,267.6,11.5,85.4,Peas,0
18.7,34.5,21.4,259.8,34.6,72.5,Sugarcane,1
20.5,26.1,25.3,347.3,9.8,65.1,Sugarcane,1
31.1,10.4,22.5,340.2,23.9,86.3,Tomato,0
14.1,11.0,23.3,347.5,31.5,65.1,Onion,1
26.1,19.2,26.4,380.5,13.6,35.2,Sunflower,0
40.3,44.5,15.7,226.2,29.8,57.1,Tomato,0
21.3,0.2,24.8,318.5,19.1,72.0,Wheat,1
35.1,11.7,19.1,400.3,41.7,86.8,Cabbage,0
21.3,23.0,19.5,168.7,22.4,85.8,Cotton,0
5.0,32.6,13.3,488.7,26.4,58.6,Barley,1
5.0,21.8,15.1,286.5,28.7,59.8,Rice,1
39.6,22.7,22.8,164.2,20.1,25.0,Wheat,0
23.6,30.9,25.8,337.5,38.6,44.3,Sunflower,0
28.5,27.6,20.9,339.8,32.4,35.4,Sugarcane,1
25.2,24.1,22.4,141.0,17.0,70.3,Peas,0
31.6,4.5,24.5,337.6,16.6,61.0,Sunflower,0
15.2,6.9,22.3,299.0,29.6,55.4,Cabbage,1
29.3,14.2,28.2,243.0,37.2,27.6,Corn,0
12.9,20.5,22.8,222.4,26.5,66.9,Tomato,1
12.8,15.8,21.0,562.6,7.0,85.2,Maize,1
15.2,18.7,14.0,357.8,19.6,69.0,Soybean,1
20.7,29.7,28.8,307.4,41.9,77.2,Soybean,1
11.0,21.4,15.4,334.5,21.5,48.1,Soybean,1
16.1,18.7,18.1,347.3,34.3,55.5,Cabbage,1
26.8,19.5,23.6,370.5,26.4,58.5,Spinach,0
45.0,19.4,22.5,279.8,28.4,48.0,Carrot,0
15.8,25.7,20.3,320.0,25.4,72.5,Maize,1
17.5,25.3,19.2,379.3,27.4,75.0,Lettuce,1
28.8,19.4,11.3,193.3,27.3,51.3,Carrot,0
20.5,35.3,13.2,238.2,18.7,80.1,Rice,1
5.0,35.1,13.5,408.9,40.7,50.9,Spinach,1
32.5,21.1,29.4,411.1,34.7,86.5,Corn,0
6.3,11.7,26.6,257.5,23.7,21.4,Cotton,1
9.8,15.0,18.6,192.5,18.5,83.4,Peas,1
15.3,9.6,27.0,385.4,28.0,86.1,Onion,1
25.6,33.1,17.6,291.8,35.0,36.3,Tomato,0
18.8,22.7,16.6,437.6,23.3,53.1,Maize,1
29.2,27.8,19.9,244.2,26.2,55.5,Corn,0
12.5,19.1,21.1,265.0,31.0,73.1,Barley,1
18.7,16.4,26.7,301.4,29.4,52.8,Sugarcane,1
9.7,26.3,26.0,273.4,32.9,24.8,Maize,1
13.3,22.0,26.8,410.5,12.1,71.8,Soybean,1
17.9,30.4,19.2,303.6,26.1,54.7,Beans,1
26.0,20.3,19.4,330.9,28.5,88.7,Corn,0
22.7,8.8,17.1,483.1,27.6,64.4,Lettuce,1
30.8,12.7,17.4,509.5,40.0,84.5,Onion,0
36.3,12.7,17.9,186.6,15.3,60.6,Potato,0
17.3,13.6,16.7,494.3,30.8,44.8,Peas,1
31.4,21.5,19.4,301.5,21.8,55.1,Corn,0
31.8,29.0,17.0,201.0,20.5,47.7,Potato,0
39.5,23.6,21.7,478.8,14.1,50.3,Corn,0
7.8,12.8,24.9,269.5,23.6,84.1,Corn,1
22.7,21.1,17.5,335.2,27.5,86.9,Onion,1
44.0,18.3,19.3,383.7,25.0,62.5,Carrot,0
8.7,11.0,25.3,348.4,26.8,39.8,Cabbage,1
28.8,23.1,15.7,315.6,17.5,35.3,Cotton,0
21.6,17.5,25.6,314.0,32.6,38.6,Barley,1
30.5,19.0,25.9,208.6,17.9,59.7,Tomato,0
23.7,23.9,21.1,532.4,43.2,41.7,Rice,1
21.9,17.9,22.7,350.6,37.4,45.1,Onion,1
20.9,19.0,11.5,249.2,23.6,40.6,Corn,1
21.3,32.5,15.7,366.4,19.6,64.2,Sunflower,1
28.0,27.5,15.3,399.7,37.5,22.3,Wheat,0
27.3,18.7,21.1,311.2,4.8,42.6,Corn,0
21.4,18.4,15.6,498.0,16.3,50.6,Soybean,1
22.3,27.6,15.9,148.9,25.6,54.6,Peas,1
17.4,13.7,25.6,344.1,17.3,28.1,Peas,1
5.5,30.7,22.5,243.7,16.3,81.5,Soybean,1
35.7,24.2,16.1,260.5,26.0,58.7,Sugarcane,0
21.0,33.9,11.5,50.0,39.0,40.2,Corn,1
17.4,23.5,14.7,378.0,15.1,70.8,Cotton,1
27.7,24.9,20.1,250.9,19.7,52.3,Soybean,0
26.5,10.0,15.0,264.1,21.8,70.0,Sugarcane,1
14.9,27.1,19.9,165.9,20.3,27.2,Barley,1
22.7,22.7,17.1,293.2,26.1,56.8,Beans,1
38.7,26.5,27.9,366.9,20.7,52.9,Soybean,0
34.2,14.2,16.1,164.5,14.7,81.2,Peas,0
20.3,33.1,21.3,122.3,31.6,74.7,Barley,1
20.1,11.0,28.7,400.3,11.3,61.6,Sugarcane,1
28.6,40.5,17.0,426.4,20.1,83.3,Tomato,0
27.6,9.2,16.5,388.5,28.6,54.0,Beans,0
30.8,17.7,25.2,308.7,28.9,29.7,Sugarcane,0
21.9,30.3,16.3,383.4,25.8,31.5,Potato,0
44.0,23.5,19.1,302.8,32.0,38.1,Rice,0
23.9,16.3,10.1,273.5,50.0,79.2,Soybean,0
17.7,19.4,8.6,393.0,32.5,49.7,Sunflower,1
39.7,9.2,12.9,414.3,34.2,30.2,Onion,0
29.8,26.0,16.8,236.5,31.3,20.3,Sugarcane,1
6.6,7.2,16.1,183.1,11.8,74.8,Cabbage,1
24.9,24.0,14.6,261.4,13.7,63.5,Maize,0
25.2,20.6,19.7,312.9,6.8,71.1,Beans,0
16.3,21.6,20.1,485.6,8.8,55.2,Soybean,1
17.5,4.0,21.9,316.6,20.1,77.4,Tomato,1
33.1,30.5,27.0,211.7,21.4,89.1,Beans,0
15.6,14.0,20.7,277.5,29.1,26.2,Carrot,1
22.4,16.1,24.8,247.4,20.4,56.0,Sugarcane,1
29.1,7.9,23.5,396.4,21.4,46.2,Spinach,0
29.9,23.4,23.5,323.7,15.5,77.5,Carrot,0
40.8,20.1,18.8,203.9,23.7,65.0,Soybean,0
20.8,28.5,21.2,466.4,28.2,51.7,Rice,1
16.0,21.3,18.3,410.1,16.9,85.7,Sugarcane,1
23.6,23.2,18.8,426.3,19.0,59.2,Potato,0
36.4,13.9,24.6,241.9,36.5,84.3,Rice,0
28.5,9.9,17.8,268.2,33.1,88.7,Wheat,0
24.3,35.0,15.4,255.9,11.2,22.9,Spinach,1
36.1,20.5,19.6,229.9,13.8,58.3,Rice,0
15.1,16.8,9.4,313.7,35.5,82.0,Carrot,1
11.6,30.9,26.4,113.2,29.0,46.4,Carrot,1
30.9,20.7,12.3,389.1,13.3,86.3,Tomato,0
28.2,22.1,25.9,276.4,8.8,86.1,Maize,0
40.8,23.6,17.9,357.3,35.0,81.1,Carrot,0
27.1,23.2,14.3,231.4,20.8,59.2,Cabbage,0
18.2,18.0,26.6,361.4,33.3,25.3,Corn,1
13.8,26.8,19.8,419.0,14.7,61.2,Cabbage,1
37.0,7.9,18.7,325.8,35.2,72.9,Wheat,0
13.0,13.0,16.5,332.7,18.3,72.2,Carrot,1
15.8,31.9,26.7,406.5,38.3,22.1,Sunflower,1
26.0,21.7,19.0,260.3,34.3,27.7,Corn,0
5.0,16.2,8.2,323.9,31.1,45.5,Peas,1
11.5,28.6,11.7,174.4,32.4,47.7,Sugarcane,1
25.1,5.0,16.7,109.9,24.1,26.8,Sunflower,0
23.2,10.5,28.7,199.4,31.9,42.7,Onion,1
26.3,17.3,18.4,168.8,21.4,27.6,Peas,0
20.5,22.7,25.2,190.0,21.5,65.7,Barley,1
35.1,28.0,19.5,263.6,18.9,20.4,Carrot,0
39.3,0.8,20.2,120.1,25.4,88.6,Sunflower,0
18.6,14.9,28.6,295.3,26.4,31.8,Corn,1
23.8,13.1,23.3,277.7,24.2,86.1,Carrot,1
40.5,12.3,19.5,435.0,20.4,49.3,Wheat,0
17.0,11.2,18.2,335.7,24.6,66.2,Barley,1
21.1,24.7,24.0,449.7,31.4,66.3,Corn,1
31.9,9.0,29.0,315.1,33.4,72.5,Peas,0
18.8,19.1,25.4,129.3,26.5,66.2,Soybean,1
32.6,30.1,24.4,156.2,27.4,57.7,Tomato,0
22.3,13.7,21.8,365.1,30.4,28.4,Maize,0
32.0,12.3,16.6,377.6,29.6,42.9,Beans,0
28.8,30.5,25.2,199.7,32.9,89.5,Sugarcane,1
7.2,25.2,25.2,377.3,25.3,31.0,Spinach,1
34.4,14.9,28.4,240.6,21.2,43.6,Maize,0
6.8,17.3,28.4,358.5,32.5,24.0,Potato,1
28.3,6.9,17.5,200.5,24.9,85.3,Peas,0
45.0,18.1,14.8,243.9,28.4,85.3,Wheat,0
12.3,15.3,12.4,251.0,17.2,25.1,Cabbage,1
28.1,21.1,27.8,325.6,26.9,58.1,Tomato,0
25.1,35.9,18.3,325.6,30.9,29.9,Potato,0
32.7,36.7,20.6,94.5,36.9,79.1,Sugarcane,0
26.9,3.3,14.7,228.1,16.2,71.0,Tomato,0
23.4,21.2,23.8,391.6,37.9,89.2,Cabbage,1
22.5,37.2,24.3,214.0,9.4,45.0,Maize,0
21.4,31.4,20.4,191.8,29.9,71.4,Beans,1
6.6,14.6,12.1,258.0,17.8,77.7,Barley,1
28.8,19.5,21.7,244.2,16.2,71.6,Sugarcane,1
38.6,30.1,23.2,289.8,16.6,67.6,Lettuce,0
24.4,9.0,16.4,91.7,29.3,31.2,Lettuce,1
30.5,16.6,26.8,340.2,17.5,43.3,Rice,0
23.8,10.6,25.2,365.5,39.4,50.4,Beans,1
26.1,39.2,23.5,266.2,33.8,74.8,Cotton,0
22.6,20.0,16.4,297.2,21.2,82.9,Carrot,1
13.5,37.2,20.4,275.2,23.1,31.9,Peas,1
24.5,27.7,15.0,337.4,36.7,39.0,Onion,1
29.0,38.7,23.0,306.7,27.7,52.8,Onion,0
33.5,11.8,24.6,487.7,17.0,40.1,Soybean,0
28.0,3.2,11.5,217.4,19.1,79.5,Cotton,0
25.4,16.2,18.2,400.4,9.8,49.2,Corn,0
22.0,15.6,27.1,273.2,27.2,26.3,Peas,1
8.9,15.8,21.3,174.6,17.5,26.0,Carrot,1
12.7,20.3,22.2,524.4,25.7,22.0,Carrot,1
25.1,6.5,23.3,268.9,23.6,49.4,Carrot,0
11.4,24.5,13.7,329.8,28.1,86.3,Wheat,1
15.9,18.0,17.7,395.8,22.9,22.3,Beans,1
16.1,27.3,21.9,268.7,22.1,41.8,Lettuce,1
15.9,12.3,13.6,339.2,20.9,36.6,Soybean,1
5.0,8.0,18.8,279.4,23.1,86.7,Beans,1
21.2,29.5,15.6,453.5,32.8,69.6,Rice,1
19.7,27.6,16.0,340.6,44.4,31.3,Onion,1
27.3,0.0,23.6,383.2,21.9,67.5,Sunflower,0
31.8,0.0,21.2,248.8,13.8,61.5,Onion,0
24.4,24.8,30.3,291.7,24.8,58.6,Peas,1
23.8,28.5,17.2,156.0,22.1,34.7,Tomato,1
26.2,12.9,28.3,293.1,16.6,52.0,Barley,0
24.4,0.0,16.0,246.8,19.1,30.6,Onion,1
19.2,0.0,21.0,369.0,27.3,89.9,Peas,1
20.6,25.8,15.7,278.4,24.0,61.7,Soybean,1
27.5,11.7,19.4,218.5,23.1,74.2,Spinach,0
14.8,22.3,20.6,177.0,31.6,59.2,Barley,1
45.0,26.9,16.9,265.7,12.9,59.4,Cotton,0
20.4,22.7,12.7,282.1,22.3,35.5,Barley,1
5.4,18.2,16.0,442.5,33.1,75.0,Potato,1
18.1,8.7,10.8,245.0,28.9,71.9,Sugarcane,1
28.9,27.6,20.4,171.9,29.2,70.8,Maize,0
27.5,32.2,20.0,276.3,22.1,51.3,Peas,0
23.5,1.1,28.4,299.4,28.9,66.0,Potato,0
32.6,10.9,17.1,311.7,17.2,58.8,Cotton,0
32.6,19.0,18.7,217.9,23.4,58.4,Cotton,0
24.8,25.1,19.1,153.5,35.2,51.7,Potato,0
29.3,15.0,16.6,341.5,37.6,61.0,Maize,0
37.9,26.2,21.7,354.0,39.4,54.0,Onion,0
32.9,20.9,25.1,308.3,25.1,89.0,Sugarcane,0
30.5,1.7,36.0,461.9,28.2,82.0,Maize,0
38.3,3.1,20.5,314.0,29.2,36.1,Potato,0
28.6,19.3,17.6,246.7,22.8,77.4,Carrot,0
26.1,13.1,15.6,440.1,30.4,72.6,Spinach,0
27.1,30.1,18.8,349.0,7.6,24.6,Onion,0
34.8,14.2,10.9,349.4,14.5,81.9,Soybean,0
24.4,22.8,16.1,125.3,23.6,55.6,Sugarcane,1
22.8,11.9,18.6,292.2,14.8,80.6,Cabbage,1
32.3,31.1,25.0,340.6,27.6,34.2,Sunflower,0
27.5,15.3,20.5,283.4,22.8,67.3,Spinach,0
30.2,31.3,28.1,357.7,25.8,32.3,Carrot,0
26.0,15.9,22.1,337.9,17.7,83.7,Cabbage,0
17.1,21.7,27.3,400.0,20.5,73.2,Sugarcane,1
16.9,13.4,17.4,97.4,31.4,51.1,Cotton,1
36.4,26.5,18.9,198.2,27.8,30.7,Tomato,0
22.0,14.3,24.6,250.4,22.1,80.0,Beans,1
20.2,42.7,25.6,411.9,6.0,24.4,Cotton,0
19.1,24.7,23.7,327.9,9.9,64.2,Corn,1
25.5,29.2,21.8,498.6,41.1,47.1,Lettuce,0
12.2,30.1,14.8,122.6,20.3,63.5,Spinach,1
29.3,34.4,28.5,177.6,21.8,76.3,Corn,0
10.2,30.3,24.5,306.2,19.3,37.1,Onion,1
25.1,37.9,22.6,338.3,31.6,62.5,Rice,1
13.8,13.8,19.5,353.3,25.7,21.0,Peas,1
35.9,12.5,14.4,223.8,21.7,31.9,Sugarcane,0
26.3,4.6,19.7,425.9,27.6,55.8,Lettuce,0
21.5,27.9,24.2,266.4,33.0,67.7,Cotton,0
33.1,27.0,16.9,469.4,18.3,31.6,Beans,0
26.0,9.3,18.5,141.3,31.4,31.6,Maize,0
28.6,13.0,18.5,99.1,36.0,61.3,Sugarcane,1
13.9,16.1,22.2,277.0,18.7,41.3,Soybean,1
37.5,27.6,20.9,323.6,37.4,84.9,Sunflower,0
23.4,18.5,17.0,307.5,12.8,33.7,Wheat,0
8.9,13.8,18.3,271.1,31.5,53.9,Cotton,1
44.9,15.3,24.2,350.6,23.3,80.0,Soybean,0
23.7,38.9,16.6,388.5,28.3,26.0,Sunflower,0
33.6,22.9,27.2,416.8,27.4,51.8,Peas,0
17.8,28.3,11.1,457.1,8.7,30.3,Cotton,1
24.8,16.5,15.2,316.1,26.3,28.0,Carrot,1
38.5,18.0,18.9,377.8,31.0,75.4,Maize,0
31.7,32.6,22.0,282.4,28.8,68.7,Barley,0
21.0,8.9,25.6,335.7,38.4,59.2,Rice,1
33.3,29.3,22.3,257.9,24.5,68.7,Potato,0
10.2,16.7,23.0,362.1,16.2,86.7,Barley,1
5.5,17.6,15.4,179.2,24.4,27.1,Onion,1
32.0,18.5,24.6,368.3,20.6,40.7,Maize,0
5.0,26.1,22.9,491.5,16.0,74.8,Wheat,1
8.2,22.8,12.7,380.2,20.6,55.5,Potato,1
9.4,31.4,18.5,307.9,29.2,75.7,Soybean,1
26.0,13.3,24.6,405.6,31.3,28.2,Wheat,0
14.0,17.2,8.6,319.1,32.3,32.9,Peas,1
23.8,4.5,20.0,368.0,14.4,39.7,Onion,1
45.0,22.2,10.5,84.7,30.8,29.3,Lettuce,0
45.0,13.7,28.9,307.0,21.8,35.3,Wheat,0
34.6,26.2,21.5,346.0,21.5,44.0,Tomato,0
34.7,2.8,25.6,281.6,29.0,78.5,Carrot,0
21.0,21.2,26.0,252.9,28.1,86.9,Maize,1
23.2,6.6,13.5,343.7,17.7,32.2,Cotton,0
42.1,6.1,26.1,377.0,34.5,67.2,Sugarcane,0
33.1,7.4,13.8,417.4,30.6,44.9,Barley,0
26.5,20.5,17.1,314.6,11.4,45.9,Barley,0
29.5,2.6,17.6,175.4,24.9,37.3,Peas,0
17.6,32.1,19.3,257.3,34.0,87.3,Beans,1
30.0,39.4,23.4,296.6,36.5,84.7,Sunflower,0
19.9,24.6,17.3,313.3,19.3,32.3,Peas,1
25.8,7.0,13.6,248.6,29.9,26.0,Soybean,0
35.1,15.8,22.5,342.5,28.5,59.3,Tomato,0
39.4,36.8,23.6,398.3,31.3,24.7,Corn,0
21.0,18.1,28.9,166.4,20.6,64.7,Peas,1
15.9,21.2,16.3,298.8,27.5,80.0,Cotton,1
31.1,16.3,22.8,346.6,21.6,49.7,Carrot,0
16.8,14.8,21.1,262.0,4.4,73.6,Lettuce,1
20.4,33.5,11.5,275.9,26.6,23.0,Barley,1
18.9,22.6,25.0,346.5,29.2,29.3,Spinach,1
25.5,30.2,24.1,279.9,24.5,65.7,Wheat,0
16.0,7.5,15.5,256.8,22.0,55.8,Spinach,1
32.1,14.8,21.4,297.1,24.5,32.6,Soybean,0
22.5,7.9,17.3,119.5,9.2,76.6,Lettuce,1
21.7,28.9,12.7,265.9,13.2,66.6,Soybean,1
20.9,31.2,29.1,228.0,18.2,74.1,Cotton,0
34.3,10.8,27.8,371.8,38.0,53.7,Onion,0
23.2,25.1,25.9,212.6,26.6,24.5,Sugarcane,1
24.0,8.6,19.0,306.1,18.2,36.9,Rice,1
25.0,28.9,24.6,204.8,4.1,49.4,Cabbage,1
25.0,40.2,22.1,346.5,24.9,23.0,Tomato,0
23.1,3.1,15.0,294.3,41.3,47.9,Carrot,1
31.9,26.5,21.1,471.7,35.6,54.6,Tomato,0
35.0,17.1,8.9,332.5,29.6,30.1,Onion,0
24.8,15.6,11.2,123.5,19.0,53.1,Rice,1
30.4,25.7,18.3,540.7,9.6,80.5,Rice,0
13.6,9.5,20.0,305.8,23.5,70.6,Cotton,1
34.9,22.8,18.8,304.3,32.4,84.5,Sunflower,0
13.3,21.7,19.3,166.3,19.1,52.3,Beans,1
5.5,23.5,18.4,347.2,17.3,49.3,Lettuce,1
22.9,20.0,17.0,146.6,16.6,84.2,Beans,1
10.9,27.0,24.5,336.6,34.2,20.8,Cotton,1
13.9,19.5,13.4,224.8,35.1,71.3,Maize,1
6.5,10.7,16.1,296.7,20.6,46.8,Barley,1
15.9,16.5,15.2,118.0,17.9,87.8,Tomato,1
23.1,6.3,19.2,181.0,24.9,38.9,Cotton,0
23.0,9.8,19.9,270.8,43.6,27.0,Rice,1
29.4,35.8,25.7,303.8,21.5,74.9,Potato,0
19.4,27.0,17.1,164.4,23.3,48.4,Tomato,1
19.4,14.9,20.2,244.3,26.4,25.2,Barley,1
30.5,20.5,25.1,352.6,31.4,44.6,Spinach,0
18.6,19.4,13.1,534.7,27.4,80.8,Barley,1
11.1,15.1,18.3,364.5,17.2,27.2,Wheat,1
18.0,19.5,18.2,431.9,24.4,49.0,Barley,1
26.1,13.1,15.3,340.8,29.4,78.6,Peas,0
24.9,0.0,22.1,454.9,22.7,58.8,Corn,0
33.1,42.6,20.6,373.6,12.3,29.4,Spinach,0
21.2,17.5,21.3,266.3,16.3,35.8,Maize,1
23.9,11.7,23.4,142.6,24.2,79.9,Sunflower,0
28.1,23.3,21.3,294.0,31.9,75.9,Sugarcane,1
15.4,30.6,16.6,233.4,23.1,38.3,Onion,1
13.7,31.0,24.3,463.1,12.5,55.1,Barley,1
45.0,11.1,27.1,293.1,18.5,82.1,Spinach,0
27.7,31.6,7.4,146.2,23.8,59.1,Peas,0
29.1,47.9,16.9,344.2,26.3,68.0,Barley,0
33.6,9.1,18.6,134.6,21.9,48.4,Cabbage,0
33.9,33.5,23.3,287.1,19.1,52.6,Maize,0
33.8,2.6,19.0,184.3,36.8,35.3,Tomato,0
20.2,24.8,18.9,321.1,39.1,57.4,Barley,1
23.1,14.1,20.7,402.4,30.6,47.8,Sunflower,0
34.8,24.7,25.0,310.7,10.7,88.2,Beans,0
17.8,42.0,16.4,220.2,19.5,77.0,Maize,1
21.9,15.8,25.5,323.2,33.4,36.3,Potato,0
5.0,46.9,21.4,351.2,13.2,48.0,Beans,1
15.3,29.8,19.6,312.2,30.0,52.7,Soybean,1
24.3,11.4,20.5,399.7,15.6,55.6,Peas,1
17.3,20.3,21.6,85.6,30.5,23.6,Maize,1
13.3,24.3,13.7,298.4,38.1,33.0,Wheat,1
39.5,26.3,20.6,390.9,26.0,61.9,Potato,0
36.2,21.6,13.2,469.5,19.7,80.2,Barley,0
11.4,32.8,17.5,240.4,20.2,26.4,Soybean,1
33.1,36.4,19.1,387.3,28.9,56.4,Sugarcane,0
30.5,32.6,25.2,247.1,25.2,51.3,Wheat,0
24.7,0.0,19.6,225.1,14.6,33.5,Carrot,1
28.8,18.2,26.1,351.2,24.9,81.0,Maize,0
24.2,14.1,23.4,232.9,32.5,27.9,Soybean,0
44.9,23.9,21.1,213.1,11.4,47.6,Maize,0
24.3,21.5,24.9,295.9,18.9,34.7,Tomato,1
16.5,22.5,29.6,451.8,27.0,89.0,Cabbage,1
32.8,27.0,21.2,204.1,9.8,46.6,Maize,0
21.5,29.1,19.9,184.3,11.3,84.6,Rice,1
21.4,9.1,12.0,376.8,34.6,87.8,Cotton,0
45.0,28.2,17.2,388.6,31.4,70.3,Soybean,0
18.4,30.8,21.6,325.6,35.8,50.7,Lettuce,1
8.9,32.0,28.6,411.9,32.0,31.2,Tomato,1
30.6,25.8,17.7,272.0,18.7,68.7,Cotton,0
35.5,3.7,13.9,248.2,33.9,70.1,Potato,0
10.7,25.3,25.4,290.9,39.1,52.0,Tomato,1
24.9,30.3,24.0,283.8,12.7,59.5,Corn,0
33.3,16.8,9.2,369.7,24.0,70.5,Corn,0
26.0,17.4,25.4,180.1,25.0,49.0,Sugarcane,1
33.7,12.2,20.0,190.4,25.4,56.3,Soybean,0
32.3,29.0,13.2,430.3,11.8,78.3,Rice,0
28.7,32.0,21.0,286.9,27.1,40.2,Maize,0
23.9,0.0,26.9,290.3,32.7,56.0,Onion,1
26.6,19.0,25.4,287.9,32.0,83.2,Potato,0
28.2,18.0,27.8,407.6,24.5,79.1,Carrot,0
26.7,26.8,18.8,195.3,33.3,86.7,Tomato,0
25.2,42.4,22.5,434.5,31.7,32.5,Sunflower,0
39.9,20.5,21.0,299.5,3.3,26.9,Corn,0
28.3,45.7,24.6,104.4,21.8,31.9,Sunflower,0
23.0,16.8,13.8,210.7,32.5,50.5,Onion,1
20.5,21.9,13.0,395.0,21.7,34.4,Lettuce,1
13.4,21.2,18.9,476.9,23.0,77.9,Maize,1
15.3,0.0,12.7,251.8,14.5,60.1,Rice,1
18.0,26.6,21.4,415.9,22.5,22.0,Potato,0
9.2,12.6,16.2,290.5,12.3,76.0,Cotton,1
15.7,11.6,30.0,299.1,23.4,65.6,Wheat,1
30.3,4.4,24.6,393.7,22.6,88.4,Rice,0
23.1,14.8,25.5,328.5,16.5,65.3,Carrot,1
9.3,18.7,12.9,213.7,20.0,35.7,Corn,1
25.8,15.6,18.8,372.6,23.9,31.4,Corn,0
5.0,19.9,11.3,302.5,37.4,88.0,Tomato,1
20.7,23.4,20.7,99.2,26.5,84.5,Soybean,1
18.7,8.6,21.0,313.9,10.8,44.7,Barley,1
21.0,16.0,22.3,318.4,9.1,60.0,Peas,1
32.5,12.2,23.7,350.0,23.5,80.2,Sunflower,0
29.3,4.4,18.4,290.2,23.6,57.0,Cabbage,0
42.6,6.3,24.4,321.4,24.2,64.2,Cabbage,0
11.7,17.1,30.5,310.5,28.6,62.6,Barley,1
25.8,36.4,19.2,232.0,30.8,76.9,Cabbage,0
29.9,21.0,16.1,326.6,23.1,60.4,Tomato,0
24.4,19.8,14.8,305.9,24.8,72.7,Tomato,1
45.0,9.0,20.8,199.7,29.5,23.5,Wheat,0
32.7,30.9,19.9,388.3,20.3,57.5,Maize,0
22.4,17.0,19.0,204.8,28.0,78.7,Sunflower,0
45.0,24.6,18.6,306.8,26.8,45.5,Cotton,0
18.6,18.6,20.3,299.8,28.7,52.4,Beans,1
40.1,18.2,17.5,165.3,17.7,21.4,Cabbage,0
18.9,19.0,19.9,376.1,30.2,48.8,Onion,1
8.4,25.3,28.3,194.2,25.0,82.7,Corn,1
31.8,0.4,21.7,273.9,36.2,53.3,Onion,0
8.3,22.9,28.6,284.7,24.9,42.8,Soybean,1
21.6,32.6,20.0,146.5,26.8,71.5,Carrot,1
18.9,33.9,25.0,664.0,25.8,89.6,Peas,1
31.9,15.5,18.5,615.8,29.9,67.3,Sugarcane,0
11.1,37.2,17.6,349.6,29.2,64.6,Onion,1
17.7,19.3,29.1,422.4,4.1,40.6,Peas,1
29.6,25.1,14.9,288.2,31.8,84.4,Sunflower,0
43.6,15.4,12.1,369.6,16.3,51.8,Sugarcane,0
32.3,20.4,16.4,50.0,24.2,60.5,Carrot,0
24.3,15.8,28.1,194.1,38.8,69.6,Tomato,1
26.1,16.8,13.5,454.2,34.3,31.5,Carrot,0
24.0,0.0,21.8,378.0,26.1,84.2,Peas,1
16.5,15.0,19.2,369.7,36.0,55.9,Carrot,1
22.7,37.9,21.6,99.7,18.4,68.8,Tomato,1
26.2,16.1,14.0,316.6,28.5,64.2,Onion,0
25.4,18.4,8.2,244.9,16.1,89.7,Potato,0
22.4,18.8,22.9,71.7,25.3,51.3,Corn,0
29.3,39.4,22.7,185.6,20.8,78.1,Tomato,0
17.6,39.6,26.6,378.8,22.1,33.6,Lettuce,1
19.5,14.8,29.6,354.8,31.6,84.0,Corn,1
31.8,20.2,23.4,521.9,19.2,20.6,Spinach,0
35.0,13.2,15.3,443.6,17.8,25.2,Spinach,0
14.9,16.0,14.4,179.4,24.5,73.8,Potato,1
45.0,26.3,19.9,262.9,32.0,70.8,Tomato,0
29.6,33.6,21.0,382.0,7.4,81.8,Lettuce,0
28.2,20.1,17.2,455.6,19.4,86.8,Corn,0
31.3,15.7,24.5,339.9,31.7,70.0,Rice,0
11.3,9.3,20.4,433.7,23.1,66.5,Sugarcane,1
5.2,14.3,31.5,250.5,24.5,42.6,Corn,1
37.5,31.3,18.0,433.3,24.8,52.7,Onion,0
20.7,16.5,17.9,286.0,15.2,46.4,Barley,1
28.2,15.7,20.5,225.8,28.2,86.9,Tomato,0
16.1,9.8,19.9,372.9,39.7,85.2,Cabbage,1
6.7,12.7,19.9,568.3,32.5,68.6,Wheat,1
28.1,24.0,20.6,300.8,22.1,47.0,Rice,1
32.3,44.1,19.2,313.2,27.8,79.6,Maize,0
21.7,46.3,20.3,505.7,32.2,62.9,Maize,1
28.6,17.6,22.3,391.4,28.3,45.2,Sugarcane,1
32.4,14.4,29.0,269.2,14.3,34.6,Spinach,0
35.3,8.3,9.8,247.2,40.7,75.7,Soybean,0
25.8,3.6,15.8,389.8,35.4,58.2,Peas,0
16.2,19.4,28.4,219.5,17.5,71.5,Tomato,1
34.2,26.3,18.9,364.8,26.4,47.3,Soybean,0
31.4,16.0,21.0,252.9,18.1,85.3,Onion,0
25.7,0.0,15.9,147.9,30.0,62.0,Soybean,0
26.0,46.0,23.7,184.9,20.6,45.1,Barley,0
28.2,22.0,20.0,310.1,18.1,88.3,Corn,0
10.7,9.7,16.4,391.9,31.9,53.1,Lettuce,1
42.3,10.5,20.1,360.5,26.4,53.8,Rice,0
30.3,5.9,29.3,476.8,29.3,78.7,Cabbage,0
24.7,28.2,26.2,63.5,19.1,27.1,Wheat,0
15.0,24.5,17.4,384.0,25.3,33.3,Cotton,1
41.5,32.0,15.2,229.7,8.8,84.7,Cotton,0
23.2,13.0,21.1,378.8,31.0,53.2,Sunflower,0
34.5,14.3,20.8,249.9,24.1,83.1,Sunflower,0
33.5,22.5,9.4,195.8,25.9,67.0,Sunflower,0
21.9,12.0,22.4,206.2,21.3,24.3,Lettuce,1
25.8,14.4,21.8,517.3,31.6,51.9,Beans,0
30.3,5.0,7.9,227.5,18.5,22.6,Spinach,0
41.4,14.6,28.3,362.4,26.6,79.1,Potato,0
29.9,22.0,24.1,343.9,30.4,56.3,Onion,0
26.7,18.5,24.0,356.8,24.8,33.0,Lettuce,0
33.7,27.0,20.8,216.6,17.1,34.2,Maize,0
21.6,7.7,23.3,113.7,16.1,39.9,Spinach,1
18.6,27.9,23.6,199.3,23.4,73.5,Soybean,1
29.5,42.8,23.3,361.5,21.9,21.7,Rice,1
39.4,3.9,26.8,212.3,24.5,78.2,Wheat,0
22.0,21.5,16.5,246.2,13.0,78.1,Cotton,0
25.4,38.2,33.1,253.6,18.3,35.9,Sunflower,0
36.3,23.6,17.1,199.5,15.5,29.9,Corn,0
33.9,15.0,29.9,225.7,26.6,40.6,Cotton,0
5.0,16.7,12.4,94.0,16.2,23.1,Peas,1
14.6,33.5,13.8,367.9,17.9,75.8,Wheat,1
13.8,6.3,21.4,203.9,18.8,65.2,Peas,1
28.2,6.6,29.5,244.3,32.9,26.5,Corn,0
28.2,11.8,27.6,379.4,16.0,62.8,Sunflower,0
23.6,40.9,16.3,359.9,27.4,53.7,Potato,0
8.4,18.0,11.0,294.9,38.1,79.3,Sugarcane,1
24.6,15.6,20.9,319.3,36.2,38.7,Potato,0
25.1,11.0,20.7,340.6,26.7,31.3,Carrot,0
16.1,30.0,17.0,289.7,13.1,85.6,Lettuce,1
33.6,6.8,24.6,193.7,33.1,22.6,Cotton,0
16.6,15.4,14.8,361.4,28.2,87.7,Cabbage,1
10.5,28.6,20.2,183.6,29.9,31.5,Corn,1
25.2,16.5,14.0,222.0,35.0,22.6,Lettuce,0
37.7,10.6,12.4,553.4,24.6,60.8,Corn,0
22.2,22.5,28.7,291.4,14.8,57.9,Rice,1
36.0,18.5,29.8,370.2,25.4,47.2,Wheat,0
12.6,7.8,21.0,344.6,19.5,84.2,Rice,1
37.2,39.7,27.9,101.6,16.8,53.6,Spinach,0
10.1,11.1,19.4,283.0,17.5,64.4,Lettuce,1
12.1,19.2,20.7,76.8,18.5,46.7,Rice,1
41.7,5.9,12.4,204.8,34.0,62.1,Barley,0
19.5,21.2,24.3,268.2,33.8,36.0,Wheat,1
10.6,28.9,23.5,207.9,31.0,63.0,Tomato,1
41.0,25.6,19.1,259.8,24.9,44.4,Sugarcane,0
37.8,3.9,12.3,383.1,22.2,37.4,Sugarcane,0
5.7,19.4,19.0,256.9,30.5,55.2,Potato,1
36.1,35.6,15.2,269.6,23.9,88.0,Cabbage,0
10.3,20.2,22.7,484.6,31.4,75.8,Potato,1
14.9,21.8,26.2,242.9,40.3,20.3,Lettuce,1
24.5,14.4,16.2,264.4,20.4,54.5,Beans,1
22.6,22.2,15.4,402.7,31.0,58.7,Maize,0
19.4,23.6,13.5,511.9,12.6,29.3,Sugarcane,1
29.0,21.4,19.2,451.8,33.9,69.4,Sugarcane,1
21.7,17.3,17.9,331.8,25.1,76.2,Peas,1
17.3,13.3,26.5,463.2,18.3,79.7,Lettuce,1
45.0,31.9,16.0,364.2,26.9,61.2,Soybean,0
17.6,26.0,24.2,271.3,29.5,84.0,Beans,1
34.5,23.9,20.6,427.3,28.7,28.3,Cabbage,0
29.9,16.1,21.9,300.5,23.2,43.2,Barley,0
15.4,30.1,20.9,245.2,22.9,24.2,Beans,1
30.9,13.9,10.8,405.9,29.1,50.4,Spinach,0
7.7,21.4,11.5,302.6,28.6,46.1,Sugarcane,1
22.1,32.3,18.7,417.7,37.5,87.3,Barley,0
22.3,26.3,21.1,352.3,31.8,42.0,Sugarcane,1
18.4,27.8,17.2,233.6,25.5,70.1,Cotton,0
35.9,10.7,27.1,305.1,12.5,38.7,Sunflower,0
34.1,21.9,12.8,152.8,21.4,41.4,Maize,0
28.5,8.3,25.0,179.8,22.2,83.8,Carrot,0
31.0,12.5,15.6,381.9,28.1,36.5,Soybean,0
36.2,19.6,25.8,536.3,22.1,73.7,Lettuce,0
20.4,16.9,23.4,281.9,19.6,71.4,Peas,1
11.9,16.5,27.3,231.8,19.5,83.4,Peas,1
28.1,12.0,17.0,306.8,32.9,41.5,Peas,0
17.7,12.7,20.7,164.4,24.7,53.8,Cabbage,1
27.5,21.6,16.2,373.3,24.7,46.4,Rice,1
27.3,25.0,20.3,309.5,17.6,29.3,Peas,0
23.9,19.3,22.0,196.7,36.4,43.2,Sunflower,0
22.5,13.4,21.8,258.3,34.9,65.7,Cotton,0
7.4,19.2,20.0,267.1,8.0,60.5,Corn,1
21.7,9.5,24.5,189.3,27.2,28.5,Cotton,0
27.7,23.5,18.7,288.7,24.2,30.3,Onion,0
22.7,11.4,17.1,365.0,24.9,43.0,Cabbage,1
35.8,12.7,27.5,280.4,31.4,76.0,Sunflower,0
24.7,14.7,16.1,266.1,23.0,45.5,Soybean,0
30.8,34.6,24.7,532.4,21.3,22.8,Carrot,0
33.9,24.8,18.1,264.2,14.6,34.8,Potato,0
5.0,15.9,7.2,219.2,29.8,44.4,Maize,1
36.3,6.9,18.9,297.3,19.6,77.5,Spinach,0
24.2,29.1,11.8,281.8,17.4,64.4,Tomato,1
27.5,13.9,20.5,254.3,17.9,52.4,Beans,0
23.4,10.6,7.1,492.5,20.5,75.6,Cabbage,1
29.6,17.5,24.0,354.2,19.6,61.2,Maize,0
20.9,7.0,21.7,166.1,30.9,65.3,Barley,1
29.4,14.0,18.1,207.8,24.7,38.9,Lettuce,0
32.7,22.0,18.3,139.4,22.3,68.8,Barley,0
5.8,8.3,22.7,287.6,22.8,54.1,Corn,1
22.3,25.2,23.7,263.0,41.0,36.9,Corn,0
19.3,24.2,24.5,405.5,30.3,54.3,Peas,1
45.0,15.1,17.1,320.4,19.0,67.7,Rice,0
10.6,17.0,28.5,255.9,30.7,34.3,Beans,1
16.2,2.7,22.8,419.8,12.3,73.5,Wheat,1
21.3,16.7,26.6,261.6,15.1,35.5,Beans,1
19.9,27.9,21.6,136.2,41.1,60.6,Sunflower,1
36.9,13.6,21.6,430.6,18.4,44.2,Onion,0
30.8,7.7,22.3,344.7,26.5,21.4,Tomato,0
30.1,8.8,22.8,280.1,1.0,73.1,Tomato,0
19.3,18.4,17.6,213.0,37.3,44.5,Cotton,0
10.6,22.0,24.0,420.8,20.4,63.8,Potato,1
22.5,19.9,17.5,269.5,15.4,51.5,Soybean,0
32.8,7.0,23.8,219.8,17.5,55.0,Rice,0
40.5,19.3,25.4,290.0,16.8,43.0,Beans,0
30.5,26.4,19.1,355.8,35.4,57.7,Tomato,0
19.7,9.0,12.8,309.8,27.3,72.9,Rice,1
18.7,7.4,20.6,306.9,29.8,74.1,Sunflower,1
35.1,14.7,15.4,316.3,23.3,87.1,Tomato,0
20.3,22.2,14.0,127.8,42.1,84.7,Beans,1
17.2,29.0,17.3,50.0,20.5,28.8,Sunflower,1
22.2,29.7,17.7,456.1,32.8,55.3,Sunflower,0
30.9,17.2,27.2,326.6,11.1,44.8,Barley,0
6.3,8.6,21.3,128.7,25.9,37.7,Tomato,1
29.9,13.7,14.1,210.1,24.0,28.7,Corn,0
19.6,0.0,10.8,479.6,25.1,66.8,Cabbage,1
29.6,44.7,20.2,191.8,30.4,57.9,Potato,0
18.2,33.2,16.0,278.9,30.5,68.2,Sunflower,1
32.5,26.0,21.3,379.1,18.6,87.9,Corn,0
6.6,15.0,26.5,342.9,16.0,86.9,Rice,1
22.4,10.4,21.1,370.1,28.6,44.7,Beans,1
17.9,17.8,24.4,266.5,24.3,52.4,Corn,1
7.1,22.5,19.8,278.1,18.3,37.0,Barley,1
5.0,29.0,24.0,122.7,34.4,37.0,Spinach,1
33.8,17.3,9.8,145.2,28.7,35.7,Soybean,0
26.8,13.5,16.8,245.3,22.8,36.5,Peas,0
24.2,9.2,16.4,191.3,27.0,88.1,Maize,0
29.3,26.9,16.2,350.8,25.9,87.2,Cabbage,0
26.1,18.4,23.2,467.6,19.3,26.7,Beans,0
28.3,17.8,22.6,273.2,32.7,41.6,Corn,0
33.4,18.8,11.2,274.8,14.9,36.7,Cabbage,0
32.5,19.6,15.4,381.1,28.7,32.0,Barley,0
16.4,9.3,18.7,304.7,15.0,87.7,Maize,1
21.3,20.7,27.3,429.5,22.2,59.9,Onion,1
32.8,27.7,17.8,213.9,16.5,75.2,Rice,0
23.6,6.4,16.6,278.8,29.3,64.9,Barley,0
5.0,31.1,11.4,330.9,43.8,25.7,Wheat,1
24.6,25.3,18.5,306.3,25.5,80.7,Rice,1
28.7,10.8,19.3,252.1,12.6,83.8,Tomato,0
28.3,21.4,25.8,113.2,19.3,65.1,Cabbage,0
25.6,27.2,15.7,457.4,21.7,23.1,Beans,0
18.4,25.7,15.1,415.7,8.8,63.0,Barley,1
45.0,24.7,18.6,201.5,23.5,28.9,Cotton,0
34.7,11.5,20.8,415.7,34.4,63.0,Beans,0
15.5,18.1,18.7,313.8,10.6,58.0,Carrot,1
11.0,26.1,20.6,264.4,37.2,53.4,Tomato,1
23.4,20.2,17.6,289.2,34.9,74.9,Beans,1
39.5,29.9,27.8,188.6,34.4,83.1,Potato,0
17.9,22.6,10.2,270.7,38.8,67.7,Lettuce,1
40.2,31.3,22.0,401.7,8.1,26.9,Corn,0
26.1,25.1,21.1,209.4,19.0,76.1,Lettuce,0
14.4,10.4,16.4,296.3,24.8,68.8,Onion,1
37.0,15.3,19.5,217.3,40.9,44.8,Lettuce,0
9.7,14.0,15.4,268.6,19.9,88.0,Soybean,1
27.8,34.7,20.0,283.2,12.9,34.2,Wheat,0
31.4,32.5,26.6,502.1,35.6,72.9,Beans,0
36.3,12.8,21.0,50.0,14.0,61.8,Peas,0
33.2,20.6,14.8,364.4,9.7,21.5,Cotton,0
30.3,26.6,25.2,374.2,34.7,43.6,Sugarcane,0
9.3,25.0,22.4,195.0,17.4,67.4,Rice,1
19.0,46.2,17.1,431.7,19.1,27.8,Carrot,1
41.0,40.1,21.9,328.7,17.3,61.8,Beans,0
23.2,0.0,25.2,182.9,46.3,63.5,Lettuce,1
18.2,15.3,24.6,526.3,23.9,25.0,Peas,1
5.3,9.7,20.3,284.4,35.9,24.8,Lettuce,1
19.1,17.3,22.8,211.4,24.4,46.7,Cabbage,1
22.4,23.1,28.4,340.6,18.7,88.9,Barley,0
9.4,24.4,16.9,319.9,26.3,84.7,Sugarcane,1
14.4,15.5,22.4,310.6,14.0,86.9,Spinach,1
18.1,21.1,17.0,363.6,24.3,49.9,Cotton,0
18.9,27.9,18.4,196.0,34.2,32.2,Barley,1
17.9,20.8,20.2,427.5,24.7,71.2,Maize,1
33.2,26.1,18.4,363.5,40.6,75.6,Tomato,0
22.3,12.2,16.6,173.7,21.8,29.5,Onion,1
28.1,28.3,16.4,539.4,16.2,60.7,Maize,0
21.4,13.0,17.4,50.0,18.4,48.7,Rice,1
14.5,16.2,19.8,366.3,23.4,34.6,Tomato,1
21.8,11.9,19.2,293.2,25.1,34.6,Maize,1
38.7,24.1,18.1,169.2,44.5,70.3,Barley,0
42.8,22.2,18.2,359.7,21.4,72.0,Lettuce,0
24.0,13.6,26.7,91.3,24.1,73.0,Cabbage,1
18.6,0.0,21.3,174.2,18.3,57.8,Potato,0
16.8,19.5,17.9,381.5,21.3,56.4,Peas,1
5.0,12.8,19.8,243.9,24.3,42.9,Spinach,1
28.7,7.2,18.8,368.4,20.2,75.9,Barley,0
28.6,29.6,17.5,216.4,18.5,67.3,Sunflower,0
30.2,22.5,21.4,302.1,20.3,56.1,Cotton,0
42.2,20.7,22.8,194.2,18.7,53.4,Spinach,0
36.9,17.2,31.0,256.4,26.4,53.8,Carrot,0
22.2,17.8,23.5,175.5,25.7,71.5,Corn,0
34.0,42.8,27.4,238.4,36.0,43.2,Beans,0
28.0,12.0,19.1,232.2,21.0,43.6,Potato,0
19.1,17.1,19.1,284.3,24.9,85.9,Potato,0
24.8,15.0,14.9,259.5,11.5,82.6,Tomato,1
37.1,16.6,17.3,337.7,25.9,27.1,Maize,0
15.3,12.5,17.0,196.3,28.5,36.3,Spinach,1
25.3,3.3,16.5,281.4,36.7,60.2,Maize,0
26.8,40.9,20.1,397.1,28.9,87.0,Rice,1
26.0,14.6,15.7,433.6,19.7,25.7,Carrot,0
18.5,11.0,14.6,245.4,20.2,54.4,Wheat,1
5.0,21.0,24.9,246.9,27.8,57.6,Maize,1
22.5,11.3,26.5,541.1,23.3,78.0,Potato,0
28.7,16.0,23.9,373.4,32.9,28.6,Peas,0
17.1,33.4,18.2,469.1,18.8,49.6,Sugarcane,1
14.0,23.0,18.0,292.5,25.3,60.2,Spinach,1
13.1,25.9,25.0,335.0,29.6,86.7,Cabbage,1
21.8,30.4,27.2,232.4,23.0,85.3,Spinach,1
19.2,1.6,19.0,356.0,28.4,74.8,Sugarcane,1
13.8,13.6,11.7,246.9,18.8,77.9,Beans,1
20.9,19.8,19.2,433.7,17.9,70.1,Carrot,1
19.3,11.0,14.7,237.5,22.6,51.1,Sugarcane,1
37.4,20.5,19.3,284.1,29.0,85.3,Potato,0
16.5,14.6,22.3,445.4,30.9,27.3,Cabbage,1
37.3,19.2,20.5,281.8,24.3,39.3,Sugarcane,0
37.1,13.0,12.6,215.3,19.4,86.0,Cotton,0
17.0,15.9,22.5,397.0,24.9,24.4,Sunflower,1
20.2,41.5,11.7,374.1,20.3,26.6,Corn,1
30.0,6.6,17.4,451.3,24.7,66.2,Peas,0
5.2,17.4,30.6,240.9,43.3,82.1,Carrot,1
26.2,7.8,18.8,272.1,25.4,33.7,Sugarcane,1
5.0,9.5,19.7,392.3,39.6,46.3,Cabbage,1
14.2,23.6,16.1,263.7,28.1,81.5,Onion,1
28.8,10.4,17.6,302.0,35.7,58.9,Spinach,0
20.3,23.7,14.3,372.2,14.3,42.2,Lettuce,1
20.1,4.8,17.6,208.9,19.5,86.3,Cotton,0
31.7,32.0,15.0,226.5,19.7,69.2,Beans,0
37.4,9.9,21.0,198.3,33.8,60.7,Sunflower,0
41.9,20.9,15.5,401.5,15.1,58.5,Onion,0
33.6,31.0,20.9,201.1,14.8,79.4,Beans,0
18.8,14.0,24.3,174.6,12.8,25.4,Peas,1
13.4,12.7,17.7,240.3,16.7,54.2,Corn,1
29.5,13.5,22.7,280.8,26.1,74.4,Peas,0
26.0,29.0,25.1,378.5,33.4,58.3,Cotton,0
38.6,11.5,17.0,393.5,24.0,75.0,Wheat,0
19.1,2.0,21.4,299.9,26.5,45.3,Cabbage,1
20.8,34.8,15.3,328.6,24.7,20.5,Onion,1
22.4,32.4,22.1,306.5,23.5,66.5,Cotton,0
36.7,21.2,22.0,292.1,35.5,38.3,Carrot,0
33.6,24.2,12.6,176.0,19.4,87.0,Barley,0
37.7,16.9,20.1,318.7,22.8,50.4,Cotton,0
21.1,18.0,16.6,319.6,26.5,61.4,Barley,1
18.5,27.1,15.7,314.0,24.2,65.6,Onion,1
38.9,16.8,31.4,55.5,33.8,78.8,Lettuce,0
25.9,29.8,12.2,485.8,25.0,43.4,Lettuce,0
20.9,3.7,11.5,393.3,13.6,60.2,Rice,1
24.8,17.3,25.6,511.4,14.7,28.6,Wheat,0
15.4,15.0,23.1,587.3,29.5,70.0,Onion,1
36.8,32.9,26.5,170.0,20.6,36.8,Carrot,0
26.1,12.8,14.6,210.4,32.6,63.3,Corn,0
25.1,22.2,18.3,240.0,19.1,84.3,Corn,0
14.2,18.6,27.1,125.9,30.1,38.9,Rice,1
22.9,30.3,19.3,192.4,18.1,78.6,Corn,0
35.3,17.2,29.9,358.2,21.1,55.7,Cabbage,0
17.6,27.0,24.3,215.7,17.9,71.2,Soybean,1
23.3,18.1,20.5,299.4,17.3,50.3,Corn,0
6.0,39.8,24.3,182.0,23.0,58.4,Onion,1
28.8,12.8,11.0,323.0,28.9,34.4,Soybean,0
14.1,26.9,14.4,415.6,22.2,55.3,Beans,1
42.1,32.0,16.9,169.8,25.9,52.1,Carrot,0
19.2,20.0,13.5,242.4,35.1,65.6,Carrot,1
34.4,32.2,25.5,436.3,10.6,32.1,Soybean,0
38.1,18.5,22.8,401.3,30.4,79.0,Sugarcane,0
20.1,43.7,23.2,367.8,27.3,55.5,Lettuce,1
30.1,17.2,18.3,133.1,29.8,45.8,Beans,0
23.7,7.0,15.2,352.8,27.4,71.0,Barley,0
25.7,24.7,6.4,390.6,31.4,42.4,Tomato,0
25.9,23.6,19.7,140.9,27.6,86.2,Cabbage,0
24.4,25.5,26.0,359.1,21.9,64.6,Carrot,1
10.1,6.8,25.5,444.9,25.3,67.2,Tomato,1
5.0,11.0,20.9,489.9,36.4,75.2,Maize,1
16.5,23.1,15.1,310.0,33.2,27.1,Potato,1
19.0,11.7,28.1,205.6,18.8,67.7,Tomato,1
31.6,25.0,16.2,367.0,19.9,89.7,Carrot,0
35.5,12.4,21.6,294.8,25.9,40.7,Cabbage,0
14.5,30.5,10.0,369.2,27.7,73.0,Wheat,1
45.0,21.3,19.1,337.2,25.3,75.7,Tomato,0
24.7,14.2,26.5,232.9,38.6,36.9,Peas,1
26.7,22.9,18.7,207.4,30.0,70.1,Corn,0
26.6,21.4,25.4,300.8,25.3,23.6,Sunflower,0
34.2,3.2,26.9,312.6,20.2,39.5,Spinach,0
14.5,21.4,22.1,379.7,30.3,25.8,Onion,1
15.9,52.6,26.6,362.2,25.6,23.8,Cabbage,1
18.8,6.9,19.4,214.0,18.6,27.3,Tomato,1
10.8,12.7,17.1,305.8,25.0,26.2,Beans,1
17.9,39.8,18.7,374.2,33.0,71.0,Sugarcane,1
21.3,21.7,17.2,391.8,18.8,26.7,Onion,1
41.4,8.8,32.0,212.1,24.6,59.0,Onion,0
19.3,27.1,18.3,463.6,18.5,26.1,Peas,1
37.8,6.6,22.3,200.5,21.2,50.4,Sugarcane,0
24.6,20.9,13.9,478.2,28.5,81.5,Cabbage,1
27.7,40.1,20.8,207.2,31.0,27.3,Potato,0
40.9,15.4,4.6,181.8,30.7,39.7,Soybean,0
43.0,21.0,28.3,225.2,29.4,38.7,Onion,0
11.1,27.5,20.9,213.3,33.5,28.3,Sugarcane,1
33.7,26.4,20.2,408.6,26.3,30.6,Carrot,0
30.5,11.5,14.2,440.2,25.8,54.9,Tomato,0
31.1,26.4,16.1,236.8,26.3,23.2,Maize,0
35.4,32.4,13.2,177.4,35.8,30.0,Rice,0
34.8,23.4,31.0,276.5,33.9,84.1,Sunflower,0
10.5,34.0,24.7,460.4,33.9,30.3,Maize,1
19.7,34.5,21.8,242.6,23.1,61.3,Rice,1
32.2,9.9,26.0,342.7,15.7,66.0,Tomato,0
29.6,25.6,16.3,225.2,32.6,32.5,Carrot,0
33.9,24.4,21.2,299.4,27.6,75.0,Maize,0
34.2,0.0,12.5,321.3,25.9,28.4,Lettuce,0
14.8,21.3,24.2,271.6,33.4,64.6,Cotton,1
11.7,12.9,26.8,274.2,32.6,68.6,Cotton,1
11.8,24.5,17.5,306.1,40.2,41.4,Lettuce,1
33.7,23.1,11.5,342.8,17.0,53.7,Cabbage,0
29.4,25.6,18.8,418.5,36.5,84.1,Spinach,0
31.3,28.0,22.9,418.6,12.8,65.8,Cotton,0
12.9,7.6,24.6,256.3,29.0,75.2,Carrot,1
32.4,33.9,19.0,288.5,21.0,39.8,Spinach,0
16.1,18.5,22.3,302.6,23.1,84.0,Potato,1
11.4,24.0,10.7,276.5,19.8,37.0,Soybean,1
30.5,19.1,19.6,355.5,30.1,81.0,Maize,0
45.0,15.3,13.9,305.5,13.9,78.5,Carrot,0
22.4,7.9,16.8,244.5,23.1,84.5,Cotton,0
26.0,0.3,23.5,215.4,22.2,81.4,Peas,0
23.9,17.5,21.0,210.9,15.6,87.3,Cotton,0
21.2,18.9,21.6,192.0,35.0,79.7,Peas,1
10.7,12.6,22.5,220.3,9.9,86.3,Carrot,1
31.9,22.6,15.0,207.5,35.5,80.8,Lettuce,0
30.6,19.9,23.0,323.2,15.8,38.4,Sugarcane,0
34.5,23.2,23.7,429.1,22.1,78.3,Sunflower,0
17.6,13.2,21.0,454.0,29.4,85.3,Barley,1
28.2,16.0,20.1,517.7,25.4,33.3,Lettuce,0
35.7,3.8,18.4,351.6,28.7,50.8,Tomato,0
35.5,16.1,23.6,381.4,32.6,54.5,Maize,0
29.0,12.7,19.4,186.5,16.1,27.2,Maize,0
31.2,25.6,14.9,145.6,27.0,30.8,Potato,0
23.1,19.7,15.8,269.0,30.7,51.1,Rice,1
19.2,20.8,16.1,297.8,24.0,48.7,Beans,1
45.0,25.2,25.9,475.7,30.2,30.1,Cotton,0
20.3,34.1,17.9,351.7,16.4,25.1,Tomato,1
12.3,6.3,18.4,548.8,24.7,31.4,Wheat,1
11.5,33.7,15.8,400.8,30.3,72.6,Potato,1
18.8,10.5,22.1,537.7,18.7,49.8,Carrot,1
28.6,29.1,21.1,167.1,22.5,33.8,Rice,1
24.2,19.1,15.9,86.9,25.9,48.9,Sugarcane,1
26.7,9.9,23.4,338.1,33.4,62.4,Tomato,0
16.6,22.0,23.5,440.3,17.9,87.2,Onion,1
31.7,25.7,21.4,343.6,41.1,42.4,Corn,0
38.2,29.9,28.1,86.5,16.9,75.1,Barley,0
16.6,22.3,14.5,291.6,26.1,39.2,Cotton,1
21.8,36.4,26.0,268.1,22.9,56.8,Carrot,1
25.1,13.1,23.0,236.0,19.9,63.1,Spinach,0
27.9,1.9,21.2,99.3,33.2,35.0,Rice,1
26.3,24.1,19.3,261.0,35.1,43.0,Cotton,0
24.1,33.8,18.1,224.5,13.3,31.7,Beans,1
22.8,12.5,19.7,188.7,37.6,58.3,Maize,0
34.0,21.3,15.8,446.6,17.6,59.0,Lettuce,0
16.2,15.6,24.6,311.3,18.7,28.1,Corn,1
29.1,28.1,19.9,276.5,33.1,73.1,Potato,0
16.0,17.6,20.0,167.4,25.8,48.6,Rice,1
30.7,15.1,20.1,466.3,30.2,37.2,Carrot,0
30.7,7.9,25.5,290.5,18.0,57.0,Rice,0
11.1,1.1,22.4,343.4,21.2,22.8,Lettuce,1
27.2,16.1,18.6,291.7,30.0,89.8,Sunflower,0
31.0,34.0,18.0,369.2,18.2,75.0,Rice,0
34.4,16.1,22.0,306.5,36.6,26.2,Onion,0
34.0,23.6,31.5,229.5,23.5,29.3,Cotton,0
17.0,28.8,16.0,336.1,27.3,26.0,Beans,1
41.6,29.4,27.3,345.3,25.0,33.9,Cotton,0
21.1,12.5,17.9,354.8,36.8,59.4,Spinach,1
10.8,26.6,18.8,225.9,10.1,25.5,Carrot,1
26.0,18.4,16.4,306.3,31.8,50.7,Carrot,0
36.1,35.0,23.6,323.4,30.3,42.8,Cotton,0
24.5,22.9,17.7,385.2,26.0,78.5,Carrot,1
19.6,7.5,22.4,201.0,28.3,89.4,Beans,1
14.3,30.2,33.3,218.5,36.8,77.7,Sugarcane,1
28.3,6.6,18.0,268.5,22.7,35.4,Lettuce,0
45.0,18.9,22.8,188.5,21.3,43.9,Beans,0
24.2,27.0,16.3,186.8,25.6,40.0,Sunflower,0
29.2,29.3,12.1,564.3,30.8,35.2,Corn,0
31.0,25.5,21.3,352.7,21.1,86.4,Spinach,0
15.2,26.8,30.5,152.0,29.3,68.3,Potato,1
16.8,8.9,19.1,177.7,33.6,76.4,Sugarcane,1
31.5,32.6,21.8,289.7,16.4,81.9,Wheat,0
22.0,11.8,23.0,287.1,35.5,54.8,Sugarcane,1
27.5,26.3,20.3,189.2,31.3,39.6,Lettuce,0
27.7,32.6,23.0,320.6,30.2,49.4,Rice,1
38.3,22.3,27.6,420.7,32.4,58.0,Sunflower,0
32.9,6.8,21.1,219.9,13.6,33.8,Lettuce,0
40.2,23.7,14.8,151.8,36.1,50.2,Lettuce,0
19.3,19.9,21.9,331.9,19.1,71.7,Barley,1
5.7,16.9,26.8,254.2,21.7,28.7,Wheat,1
19.0,35.8,14.0,332.4,31.8,38.9,Corn,1
19.8,21.2,38.6,377.2,25.9,67.5,Onion,1
31.7,29.5,19.9,224.3,24.4,34.0,Potato,0
18.7,3.3,6.9,350.8,27.6,41.7,Rice,1
29.0,33.8,28.0,418.5,22.0,85.1,Cabbage,0
41.4,6.3,17.7,345.3,12.4,55.7,Sunflower,0
27.5,22.9,14.0,433.0,3.2,83.3,Soybean,0
5.0,0.0,12.6,437.3,19.9,41.0,Potato,1
34.0,35.0,20.1,391.7,23.1,79.9,Cabbage,0
26.3,21.7,16.0,246.6,16.9,63.6,Carrot,0
17.6,20.8,22.8,337.3,29.8,43.9,Peas,1
21.6,33.9,17.5,374.0,19.0,80.6,Carrot,1
28.3,29.8,14.1,236.7,13.9,82.8,Carrot,0
8.5,28.8,20.3,306.7,24.6,88.7,Soybean,1
16.4,19.4,19.5,208.7,20.4,41.8,Maize,1
20.0,12.4,13.4,286.5,19.1,50.1,Carrot,1
22.0,22.1,16.3,369.3,20.7,24.3,Lettuce,1
41.1,17.8,19.5,359.4,31.5,60.0,Sunflower,0
34.2,30.4,19.8,432.6,33.4,73.7,Carrot,0
21.3,14.7,16.7,170.4,21.4,47.6,Carrot,1
22.3,9.4,20.6,349.2,20.6,40.3,Onion,1
8.4,9.0,24.7,466.8,26.8,50.8,Cotton,1
21.9,27.9,24.6,288.0,16.0,55.2,Sunflower,1
6.5,32.3,11.6,548.8,24.1,28.8,Beans,1
22.1,25.6,21.7,544.9,26.6,80.5,Sugarcane,1
21.9,32.9,11.4,280.4,24.1,39.3,Rice,1
26.4,8.0,19.1,222.1,17.6,41.9,Onion,0
22.4,22.4,15.1,434.7,20.4,57.3,Barley,0
14.2,1.9,18.0,333.0,22.2,69.2,Rice,1
23.5,19.9,15.6,265.2,24.8,49.8,Peas,1
27.9,25.2,21.4,59.0,24.8,56.5,Cabbage,0
21.7,30.8,20.7,250.0,19.6,72.4,Barley,1
30.4,25.2,23.2,341.1,12.3,48.4,Onion,0
12.9,30.9,23.3,173.1,18.4,65.3,Carrot,1
19.1,18.2,22.7,292.6,24.2,49.8,Potato,0
35.9,14.3,18.3,522.5,39.1,42.7,Cotton,0
26.4,21.1,12.1,296.2,21.0,89.2,Barley,0
35.3,22.4,22.4,280.9,33.4,70.5,Potato,0
9.0,17.6,15.0,326.2,23.5,82.2,Potato,1
31.2,38.9,20.8,364.8,35.0,70.5,Wheat,0
41.8,32.8,27.8,257.6,19.6,81.7,Spinach,0
15.7,20.0,22.4,408.7,22.7,57.6,Cotton,1
20.6,9.4,18.8,382.9,15.7,43.6,Wheat,1
22.5,5.9,7.0,336.6,23.6,68.5,Lettuce,1
11.0,18.2,20.7,352.4,18.1,31.2,Tomato,1
17.3,13.6,16.6,228.5,19.3,39.4,Lettuce,1
21.2,12.1,18.9,307.1,24.8,86.0,Potato,0
25.7,13.1,25.3,473.8,23.7,67.0,Potato,0
19.8,15.0,22.4,393.8,18.7,53.0,Corn,1
32.5,15.8,18.0,411.9,10.8,22.4,Onion,0
14.5,17.5,23.3,292.9,18.1,25.3,Peas,1
45.0,0.0,29.1,393.3,19.0,65.0,Peas,0
43.7,0.0,14.3,185.2,19.0,25.5,Cabbage,0
34.7,21.4,13.4,329.7,12.1,35.6,Lettuce,0
23.2,19.7,20.1,309.7,34.1,51.7,Cotton,0
37.7,19.4,31.7,345.9,16.1,89.9,Spinach,0
22.2,28.3,27.3,345.9,22.4,25.0,Tomato,1
13.5,22.1,23.7,253.4,22.4,82.9,Maize,1
32.5,33.2,2.8,255.8,12.2,50.2,Sugarcane,0
17.4,17.0,21.2,295.9,18.9,25.8,Beans,1
44.6,19.2,33.8,206.0,22.0,87.0,Maize,0
25.2,20.7,25.0,67.1,37.2,30.6,Soybean,0
6.3,33.5,22.0,120.3,38.1,65.2,Spinach,1
39.2,12.3,21.7,401.9,21.5,52.3,Soybean,0
31.0,21.9,27.6,170.3,32.2,33.7,Potato,0
12.9,27.3,22.3,205.7,36.1,42.4,Carrot,1
26.7,0.0,20.7,460.1,21.2,63.8,Cabbage,0
29.7,13.5,17.6,259.9,23.6,61.8,Sugarcane,1
19.2,18.1,18.9,328.5,31.7,50.9,Wheat,1
17.6,21.1,22.7,479.7,28.2,60.5,Spinach,1
44.1,16.4,20.9,408.8,9.5,45.7,Cotton,0
14.3,13.7,14.7,506.5,30.9,47.1,Wheat,1
17.8,21.3,26.4,336.5,16.3,67.6,Soybean,1
13.8,7.5,14.0,351.6,22.1,49.1,Sunflower,1
36.8,23.3,21.9,496.1,18.6,31.3,Spinach,0
20.0,20.1,23.8,147.1,35.8,47.4,Carrot,1
15.6,34.3,30.3,115.1,21.8,43.4,Cotton,1
17.1,34.2,23.3,225.0,15.4,52.1,Potato,1
35.7,29.4,20.8,389.2,28.3,56.8,Maize,0
12.1,22.7,29.7,379.6,16.0,74.5,Wheat,1
18.1,28.0,19.4,152.6,28.1,65.6,Lettuce,1
21.4,28.8,12.3,246.5,27.6,51.5,Sunflower,1
33.7,6.2,8.3,307.9,22.2,31.7,Onion,0
23.9,23.2,27.8,230.2,32.2,60.3,Sunflower,0
45.0,24.4,19.8,276.5,35.2,55.8,Corn,0
19.8,18.5,14.1,347.5,17.3,77.9,Cotton,0
25.3,26.2,17.3,197.1,19.4,87.3,Soybean,0
23.7,7.4,18.3,265.4,33.9,66.3,Sunflower,0
29.7,24.8,19.3,133.6,16.8,39.1,Corn,0
16.0,20.2,15.4,124.1,29.5,38.4,Cotton,1
25.4,16.3,24.2,248.2,11.6,72.3,Spinach,0
40.3,10.4,17.1,258.4,31.2,86.9,Wheat,0
27.5,8.5,22.9,265.2,34.4,28.5,Maize,0
34.9,24.4,22.8,255.9,16.3,83.1,Wheat,0
23.5,21.1,24.1,290.2,22.3,84.3,Onion,1
20.4,0.0,24.9,212.7,21.3,62.4,Carrot,1
15.3,41.3,25.3,304.3,30.0,86.6,Tomato,1
36.7,12.4,18.7,411.4,6.1,53.6,Wheat,0
29.9,19.4,21.9,253.1,28.6,67.6,Corn,0
28.9,10.4,8.3,182.1,39.6,79.6,Tomato,0
31.4,15.5,16.1,152.2,18.9,51.5,Barley,0
27.0,24.5,22.5,395.7,34.5,55.7,Rice,1
14.8,25.5,15.8,326.5,39.6,55.1,Tomato,1
24.1,11.2,19.0,224.7,17.2,54.1,Potato,0
9.0,19.0,14.5,245.0,28.5,81.6,Lettuce,1
17.1,23.5,28.5,305.0,22.2,35.6,Beans,1
28.8,0.0,15.5,169.6,24.8,63.9,Cotton,0
9.6,0.0,18.7,403.1,25.4,38.5,Onion,1
13.3,28.8,2.2,232.3,23.0,30.8,Carrot,1
28.0,28.8,16.5,202.8,28.2,30.7,Lettuce,0
26.6,12.8,34.9,125.5,25.7,74.6,Corn,0
25.1,26.2,24.5,310.8,26.8,77.4,Sunflower,0
31.4,30.0,18.5,228.2,31.2,23.3,Wheat,0
27.2,19.2,23.9,255.4,29.5,44.8,Peas,0
20.1,3.8,28.9,314.2,18.6,47.6,Tomato,1
11.3,4.5,27.6,393.2,26.6,35.2,Maize,1
35.5,12.8,13.0,312.2,25.9,63.9,Rice,0
36.6,25.1,24.6,397.1,27.3,77.5,Rice,0
39.3,6.5,16.9,343.6,27.0,83.6,Barley,0
7.9,22.8,16.0,339.7,24.2,46.3,Onion,1
15.5,17.9,14.2,284.2,20.6,75.0,Sunflower,1
25.7,10.9,24.0,329.7,18.7,58.3,Barley,0
35.2,37.3,23.1,318.1,22.6,30.1,Cotton,0
5.0,38.7,13.1,234.8,20.4,28.7,Potato,1
39.6,21.2,17.3,382.3,23.6,44.5,Onion,0
24.3,28.3,24.8,164.1,28.2,53.7,Cabbage,1
40.0,10.2,19.4,240.7,28.1,33.5,Maize,0
18.0,15.4,19.9,97.9,6.6,54.6,Barley,1
25.6,16.2,22.7,232.8,37.6,40.6,Lettuce,0
24.0,34.5,22.9,406.6,23.1,69.3,Cotton,0
11.1,31.2,15.5,50.0,34.8,24.0,Rice,1
31.9,17.4,23.6,146.9,27.7,34.0,Lettuce,0
20.6,35.1,23.6,252.5,13.8,33.1,Cabbage,1
13.2,33.2,24.4,338.6,15.1,84.4,Sunflower,1
42.9,13.4,20.3,242.2,24.9,71.3,Wheat,0
18.1,26.3,18.5,85.4,22.9,29.5,Wheat,1
30.1,16.6,15.8,311.9,23.3,61.8,Beans,0
32.7,19.7,7.3,264.7,29.3,23.4,Carrot,0
26.8,29.7,21.3,197.5,23.6,60.8,Corn,0
10.6,13.4,28.4,334.8,25.5,79.8,Cabbage,1
38.5,8.1,18.6,409.8,27.5,37.4,Sunflower,0
42.3,6.0,12.8,231.5,19.9,32.6,Corn,0
34.6,24.0,16.2,190.6,33.5,65.9,Sugarcane,0
35.6,21.4,11.3,108.7,22.4,75.3,Tomato,0
24.2,26.5,23.1,389.4,25.9,28.1,Carrot,1
23.2,38.4,15.3,279.8,19.4,73.3,Rice,1
45.0,28.7,12.1,265.9,27.3,65.7,Corn,0
17.9,16.2,25.4,490.6,31.5,63.4,Corn,1
33.1,17.8,20.7,346.5,32.7,49.2,Carrot,0
19.1,12.1,18.4,201.2,28.8,21.1,Sunflower,1
35.2,4.8,20.0,455.6,13.1,46.5,Potato,0
24.8,16.7,17.6,216.2,29.8,83.1,Peas,1
30.7,22.5,25.3,319.5,23.6,37.8,Spinach,0
27.6,0.0,22.1,228.8,23.1,37.6,Peas,0
18.4,17.1,16.8,225.8,19.2,45.9,Spinach,1
16.6,18.8,10.0,368.2,24.7,59.9,Potato,1
20.3,43.4,14.3,399.7,12.5,63.7,Corn,1
11.7,22.0,22.6,358.8,23.1,67.0,Wheat,1
45.0,22.4,25.2,522.8,34.0,37.7,Cotton,0
16.7,14.6,10.1,83.9,25.1,52.4,Cotton,1
40.9,12.8,18.1,352.7,34.1,41.1,Sunflower,0
20.2,10.2,14.7,315.6,32.2,60.1,Lettuce,1
29.6,12.5,21.8,293.6,34.2,83.7,Peas,0
23.7,18.3,19.6,435.3,19.9,36.2,Sugarcane,1
32.9,15.5,19.0,305.6,40.4,78.2,Maize,0
19.8,11.8,16.8,552.5,22.6,86.8,Lettuce,1
16.2,29.3,24.5,159.7,32.5,27.2,Cotton,1
26.5,2.8,19.9,473.0,26.8,35.4,Spinach,0
21.2,22.0,16.7,168.5,31.1,87.5,Barley,1
25.3,33.4,18.7,211.8,31.5,72.7,Barley,0
39.4,15.9,24.2,179.3,16.7,27.7,Corn,0
22.4,24.2,16.5,395.5,24.8,23.8,Rice,1
16.5,10.4,18.9,374.8,15.9,78.1,Sugarcane,1
20.1,25.2,9.6,485.6,33.4,55.2,Tomato,1
9.6,36.5,22.3,587.0,30.7,61.0,Peas,1
34.1,6.1,19.9,380.4,29.5,42.4,Corn,0
33.0,9.9,10.8,206.1,21.8,24.8,Tomato,0
35.1,16.6,14.1,321.7,22.3,57.9,Soybean,0
25.7,18.0,13.8,389.8,21.9,75.6,Lettuce,0
27.2,10.8,22.7,288.7,23.8,50.0,Tomato,0
25.9,12.7,16.9,281.9,25.6,52.4,Sugarcane,1
8.7,43.3,21.2,343.8,22.3,85.2,Potato,1
16.3,33.0,30.4,447.7,10.9,74.0,Carrot,1
23.3,29.4,8.2,367.3,35.8,36.2,Maize,0
33.1,31.6,15.9,230.5,22.9,73.9,Spinach,0
24.5,18.6,16.0,294.9,9.9,89.5,Rice,1
29.4,16.0,18.7,385.2,28.5,31.0,Potato,0
38.3,6.6,23.1,140.3,32.3,21.5,Cotton,0
35.1,17.1,11.3,261.5,24.3,41.7,Beans,0
7.9,1.8,20.0,175.6,29.2,63.9,Carrot,1
21.9,38.8,23.7,182.9,25.9,69.6,Spinach,1
8.6,21.2,15.0,340.9,27.2,47.3,Corn,1
9.8,14.5,20.8,393.1,3.8,41.6,Carrot,1
29.1,26.7,23.9,290.1,28.2,53.1,Maize,0
26.9,8.4,19.4,114.7,29.8,63.3,Lettuce,0
30.0,13.2,14.2,536.2,17.8,66.6,Barley,0
40.2,28.5,16.0,248.9,28.7,83.1,Sugarcane,0
25.1,16.0,27.5,342.3,21.3,24.6,Potato,0
39.8,18.3,9.2,238.4,12.4,75.7,Barley,0
6.7,31.0,20.0,383.6,20.3,61.9,Rice,1
24.0,12.7,29.7,563.7,29.2,86.8,Cabbage,1
18.5,40.0,17.3,431.7,19.2,32.8,Sugarcane,1
15.4,46.1,15.6,231.1,26.4,53.8,Sugarcane,1
32.6,17.6,21.6,300.8,29.3,34.1,Rice,0
25.5,22.1,26.4,277.1,19.4,26.0,Potato,0
21.1,22.8,14.4,339.0,21.0,23.1,Corn,1
32.6,6.9,21.5,280.8,36.7,49.5,Carrot,0
20.3,33.0,15.4,456.6,22.2,59.0,Peas,1
13.6,32.5,24.0,306.4,35.1,56.9,Wheat,1
22.9,13.9,20.4,300.5,23.0,81.9,Barley,0
27.6,7.9,23.0,329.5,32.2,29.5,Barley,0
31.9,12.1,29.7,213.0,20.0,84.0,Corn,0
32.3,20.4,25.6,67.6,27.3,27.2,Sugarcane,0
17.4,0.0,16.0,429.0,31.7,72.7,Potato,1
23.1,24.1,25.4,389.6,14.7,68.7,Soybean,0
19.3,22.3,19.4,595.2,20.8,77.1,Rice,1
18.0,7.7,15.9,348.2,30.6,81.9,Cotton,0
19.6,35.2,23.5,312.6,13.5,60.1,Lettuce,1
29.4,23.9,25.4,413.2,18.0,36.1,Tomato,0
5.0,14.7,13.8,319.3,23.7,63.3,Soybean,1
28.8,7.7,33.8,313.5,32.6,29.6,Cotton,0
32.3,31.1,16.7,360.9,18.2,62.4,Rice,0
13.7,10.2,17.4,305.2,25.7,70.7,Sugarcane,1
45.0,27.8,12.3,198.5,14.1,66.6,Maize,0
41.1,8.2,13.5,150.2,30.1,21.9,Corn,0
23.6,9.0,25.9,281.0,33.2,25.5,Maize,0
17.8,27.6,20.5,348.2,26.7,42.2,Sunflower,1
20.7,7.0,24.0,214.9,33.3,28.8,Wheat,1
17.4,39.0,19.6,443.9,12.8,59.8,Sugarcane,1
17.3,19.8,9.4,96.8,25.1,71.6,Beans,1
20.2,35.3,16.0,224.2,30.2,80.2,Lettuce,1
32.0,3.8,18.6,248.4,32.7,87.1,Potato,0
20.6,9.1,12.4,250.1,24.9,61.5,Maize,1
15.5,7.9,25.6,147.0,28.2,80.1,Barley,1
45.0,34.7,21.1,260.7,29.7,54.6,Maize,0
24.8,9.0,27.3,268.9,11.2,26.3,Sugarcane,1
16.8,23.1,18.3,175.5,15.5,63.6,Sunflower,1
32.0,16.0,18.7,357.9,22.6,47.6,Peas,0
22.4,31.4,24.8,308.9,20.3,85.9,Beans,1
14.5,18.3,22.9,489.0,17.8,75.5,Potato,1
26.3,22.2,18.2,295.7,27.8,28.1,Beans,0
27.0,8.1,18.9,259.3,16.6,77.1,Onion,0
30.0,10.1,20.8,299.4,27.5,51.6,Potato,0
26.6,26.0,12.8,238.3,38.0,20.3,Lettuce,0
5.7,28.1,23.9,356.0,14.3,37.9,Soybean,1
33.1,14.0,13.1,241.1,10.9,47.7,Lettuce,0
29.7,15.4,18.7,506.3,21.4,55.8,Cabbage,0
19.7,13.9,10.9,327.1,27.8,30.4,Maize,1
26.2,25.1,28.7,351.8,19.9,71.4,Wheat,0
37.1,32.4,28.2,328.1,21.8,85.9,Potato,0
22.0,16.3,21.2,343.7,34.9,71.2,Potato,0
29.6,30.8,21.6,202.6,28.1,89.9,Barley,0
37.1,9.0,17.1,373.5,31.4,59.5,Sunflower,0
24.1,8.9,31.1,368.0,15.8,30.5,Barley,0
23.6,18.1,22.7,430.9,18.7,57.1,Wheat,0
21.5,18.0,4.8,327.7,31.6,44.0,Corn,1
39.7,28.4,20.4,375.3,25.9,32.5,Lettuce,0
39.2,11.5,27.5,461.7,27.3,83.1,Peas,0
15.7,21.2,9.4,241.2,27.1,81.1,Sunflower,1
23.8,14.2,18.9,466.6,22.8,69.3,Soybean,0
32.6,16.8,18.3,331.7,17.7,63.8,Rice,0
19.3,17.1,21.8,135.3,15.1,33.4,Beans,1
27.3,30.6,17.8,213.6,32.6,21.2,Corn,0
17.1,21.3,26.4,418.3,27.7,62.5,Cotton,1
13.3,20.4,26.3,212.6,11.9,23.9,Wheat,1
33.5,20.8,26.4,286.0,20.9,30.9,Rice,0
32.1,6.8,16.7,391.4,38.0,35.1,Peas,0
29.3,35.6,19.5,337.5,25.8,44.7,Barley,0
19.8,27.9,20.6,226.3,13.6,82.4,Soybean,1
30.5,19.5,27.1,431.5,23.0,51.2,Lettuce,0
25.9,33.6,12.0,415.4,33.3,53.2,Maize,0
29.1,28.1,26.6,150.3,25.6,74.7,Carrot,0
15.6,12.0,20.0,255.6,33.0,60.8,Tomato,1
22.0,6.3,10.5,150.7,23.1,22.1,Peas,1
31.3,25.6,20.6,204.2,29.9,28.4,Rice,0
28.5,8.5,22.1,365.8,33.9,27.3,Maize,0
31.3,19.3,20.5,426.8,33.6,65.2,Onion,0
37.6,27.8,24.1,260.5,21.9,69.3,Lettuce,0
19.0,34.6,12.3,238.6,25.6,56.2,Potato,0
9.8,18.4,21.4,301.0,31.8,68.6,Corn,1
10.0,18.9,28.8,414.4,12.7,42.7,Onion,1
21.0,23.3,25.4,402.3,27.5,56.7,Cotton,0
15.7,18.4,23.4,190.6,17.3,80.2,Lettuce,1
17.4,22.1,23.6,392.4,24.1,20.5,Onion,1
9.4,16.9,14.7,216.8,36.1,41.7,Wheat,1
20.0,17.0,20.9,273.3,34.1,78.7,Peas,1
22.2,23.0,23.3,225.1,30.5,83.9,Spinach,1
31.8,10.9,27.0,231.5,25.9,78.8,Potato,0
35.9,33.6,13.7,429.8,14.1,35.2,Spinach,0
27.2,16.0,28.2,245.2,18.2,70.3,Maize,0
21.9,12.1,19.9,178.3,28.2,69.3,Barley,1
22.4,23.6,18.2,367.2,28.6,44.6,Sugarcane,1
32.0,2.8,13.9,106.2,21.5,62.9,Cabbage,0
20.2,24.5,16.1,509.7,29.9,34.3,Maize,1
30.2,17.5,19.0,252.8,22.2,52.9,Spinach,0
5.2,18.0,14.9,402.3,37.6,33.0,Spinach,1
15.9,28.3,26.2,357.0,27.6,87.8,Onion,1
22.3,16.3,26.3,378.2,20.4,84.3,Sugarcane,1
43.0,23.2,19.6,372.4,17.9,86.2,Spinach,0
29.4,25.1,17.0,382.0,21.5,56.1,Rice,1
36.4,6.7,16.2,149.1,35.9,67.9,Potato,0
11.7,7.8,23.3,238.7,35.0,62.1,Cabbage,1
25.7,44.1,20.7,171.1,22.3,73.1,Lettuce,0
14.5,27.1,22.5,393.5,22.0,79.8,Peas,1
33.2,25.3,19.8,143.5,26.8,88.2,Beans,0
32.0,29.2,21.1,154.1,32.7,72.4,Potato,0
17.6,21.3,20.2,216.0,12.2,52.3,Peas,1
28.7,23.2,17.3,189.8,19.2,51.3,Peas,0
11.1,9.7,19.3,351.3,23.4,63.2,Cabbage,1
16.4,23.1,20.0,319.1,29.9,22.2,Barley,1
27.7,0.0,16.2,394.3,24.8,88.6,Soybean,0
9.6,19.0,17.8,54.5,25.1,32.1,Peas,1
14.1,30.4,14.8,418.5,20.9,31.7,Sunflower,1
17.4,19.4,13.7,432.1,34.1,29.6,Sugarcane,1
21.8,14.3,25.5,308.6,29.6,25.1,Sunflower,1
45.0,32.3,17.3,505.3,32.4,66.8,Rice,0
14.1,20.5,23.0,285.2,33.2,21.8,Sunflower,1
38.2,10.9,17.1,278.9,32.4,58.0,Sugarcane,0
18.6,18.8,19.2,246.1,19.7,36.4,Peas,1
31.2,1.3,25.3,247.2,24.0,23.5,Maize,0
30.6,18.9,17.9,402.1,29.5,60.6,Cotton,0
29.9,26.0,23.7,120.0,29.1,49.8,Rice,1
9.0,22.5,13.5,350.8,38.1,24.8,Rice,1
14.0,6.4,23.8,254.7,33.1,89.6,Cabbage,1
19.6,33.0,15.3,447.3,26.4,30.7,Tomato,1
5.7,25.1,11.5,240.7,34.3,33.1,Beans,1
32.2,19.7,15.1,334.4,15.8,36.3,Rice,0
31.2,23.4,17.6,566.9,20.1,84.0,Cotton,0
25.5,8.8,24.3,369.2,31.9,60.2,Potato,0
28.9,13.5,18.5,357.8,26.6,51.4,Cabbage,0
17.6,22.2,20.1,287.4,23.2,57.7,Lettuce,1
22.0,25.6,16.7,270.1,19.1,53.7,Potato,0
34.1,12.0,24.9,199.7,27.7,77.5,Spinach,0
17.4,24.9,21.7,345.5,22.5,39.3,Cabbage,1
32.6,25.4,19.3,295.8,22.1,75.1,Carrot,0
30.3,23.2,24.4,382.6,37.0,80.1,Barley,0
31.9,21.3,21.4,50.0,17.8,72.5,Barley,0
26.3,35.1,20.6,325.5,28.9,34.1,Peas,0
12.7,15.3,19.8,391.1,17.6,55.9,Barley,1
24.8,30.5,25.7,242.7,34.5,68.0,Cabbage,1
10.4,26.0,16.8,324.3,24.9,21.8,Potato,1
28.8,14.4,22.5,334.9,33.1,64.8,Carrot,0
22.5,34.9,19.5,404.1,22.3,54.4,Corn,0
24.9,24.6,14.4,356.3,23.8,79.9,Rice,1
6.1,33.3,18.7,357.1,21.7,57.7,Tomato,1
19.6,0.6,20.1,255.5,31.2,47.2,Soybean,1
25.9,26.6,27.3,268.9,22.4,29.7,Onion,0
9.6,22.2,23.1,357.8,5.7,37.2,Cotton,1
21.3,15.2,16.1,389.2,13.2,75.2,Onion,1
5.2,28.5,15.4,232.4,30.2,32.8,Cotton,1
25.8,25.5,18.9,384.5,14.6,54.7,Corn,0
22.8,27.7,27.7,309.6,9.7,24.7,Corn,0
34.0,22.0,18.9,201.7,37.5,45.1,Cabbage,0
41.1,12.2,31.2,348.4,45.3,33.2,Carrot,0
11.8,1.8,18.1,284.3,23.1,58.8,Spinach,1
23.0,30.4,19.3,327.8,37.1,58.9,Lettuce,1
23.1,7.0,20.5,92.1,30.2,83.5,Sunflower,0
26.4,27.0,15.5,281.9,23.8,59.3,Soybean,0
36.7,20.7,23.8,311.7,14.1,69.5,Lettuce,0
10.0,21.3,24.1,240.0,14.4,80.4,Soybean,1
14.3,43.2,10.0,411.3,28.4,37.7,Carrot,1
6.4,15.6,23.1,269.2,26.1,71.2,Spinach,1
5.0,25.8,23.3,265.2,24.6,36.6,Corn,1
26.8,11.9,23.7,389.7,27.1,63.9,Peas,0
29.1,22.1,26.5,239.5,26.4,77.0,Barley,0
20.1,41.2,25.0,416.0,25.3,81.0,Lettuce,1
28.1,35.5,21.3,233.4,21.7,46.1,Soybean,0
15.5,13.5,20.3,277.8,12.1,56.4,Onion,1
20.7,20.6,10.0,381.1,22.3,89.6,Sugarcane,1
12.9,23.3,18.2,426.1,17.9,83.2,Barley,1
45.0,19.0,15.0,333.4,37.9,72.3,Lettuce,0
23.8,11.7,21.8,188.9,30.2,42.3,Tomato,1
36.1,13.7,25.3,305.5,22.1,37.3,Rice,0
5.0,31.1,25.1,314.5,31.4,88.4,Maize,1
35.7,27.9,21.2,198.8,17.2,35.7,Maize,0
13.8,10.6,15.9,271.8,34.0,26.8,Barley,1
5.0,14.9,24.0,344.0,11.6,49.3,Cotton,1
